,ID,building_age,heat_type,heat_cost,heat_temp,building_renov,income_detailed,income,heat_type_dummy
0,1069,5,1,1155,21,1,5,2,1
1,1070,5,1,2500,19,1,11,4,1
2,1073,3,4,50,20,2,1,2,0
3,1075,4,4,1500,19,1,7,3,0
4,1077,4,5,400,20,1,4,1,0
5,1078,3,1,800,23,1,5,3,1
6,1082,4,10,900,18,2,12,4,0
7,1083,4,4,1400,22,1,10,5,0
8,1084,2,4,3500,22,2,6,3,0
9,1086,3,7,660,21,3,10,5,0
10,1087,2,1,1000,21,3,4,2,1
11,1088,3,1,1200,0,2,3,2,1
12,1090,3,7,600,21,1,6,4,0
13,1091,6,1,500,0,2,5,3,1
14,1094,8,1,1808,19,2,10,5,1
15,1095,6,4,3000,19,2,11,4,0
16,1096,3,1,900,20,1,10,5,1
17,1097,2,1,1056,23,1,5,3,1
18,1103,2,4,2200,21,1,10,5,0
19,1104,3,7,321,0,3,4,2,0
20,1106,2,99,500,20,1,12,5,99
21,1109,4,4,1000,21,2,11,5,0
22,1110,4,7,905,23,1,6,3,0
23,1112,6,6,1100,0,1,13,5,0
24,1113,4,99,1000,20,2,5,2,99
25,1114,5,4,2401,22,1,7,3,0
26,1118,4,4,1500,25,2,12,5,0
27,1126,4,99,1000,0,3,5,2,99
28,1130,2,1,1650,22,1,6,3,1
29,1131,2,4,2500,22,1,1,2,0
30,1136,3,7,680,20,1,4,2,0
31,1137,1,1,60,22,2,7,3,1
32,1140,4,4,700,20,1,3,1,0
33,1141,4,1,900,20,1,7,3,1
34,1142,4,1,1200,12,2,3,1,1
35,1143,3,8,2000,22,1,5,3,0
36,1146,6,1,590,22,2,9,5,1
37,1148,4,7,0,0,2,5,2,0
38,1155,7,1,600,0,1,9,4,1
39,1156,8,1,1200,0,2,12,5,1
40,1157,1,4,2000,0,3,12,5,0
41,1160,2,1,2100,18,1,4,2,1
42,1161,1,1,900,20,1,3,1,1
43,1163,4,7,500,21,3,4,2,0
44,1165,2,1,1200,0,1,2,3,1
45,1170,2,1,1400,20,2,8,4,1
46,1171,5,1,1000,0,1,5,2,1
47,1172,4,8,1850,20,1,7,5,0
48,1173,3,1,1800,22,1,7,4,1
49,1177,4,8,2000,22,1,10,5,0
50,1179,3,1,8000,23,1,5,3,1
51,1181,6,1,900,21,1,7,3,1
52,1182,4,4,2000,21,2,11,5,0
53,1183,2,6,1300,22,1,10,5,0
54,1184,4,1,400,18,1,5,2,1
55,1185,1,1,120,0,2,3,1,1
56,1186,3,1,1500,22,2,9,3,1
57,1192,6,99,400,23,2,5,3,99
58,1195,3,1,552,20,1,11,5,1
59,1196,5,1,1200,20,2,6,3,1
60,1197,8,1,750,21,2,7,4,1
61,1198,5,99,1000,0,2,13,2,99
62,1199,2,1,1300,21,1,4,2,1
63,1200,1,1,1128,24,2,4,2,1
64,1202,5,1,996,24,1,5,2,1
65,1203,1,1,650,0,3,10,5,1
66,1204,2,1,85,20,2,5,4,1
67,1205,6,7,2000,22,2,7,4,0
68,1206,6,4,1200,21,2,12,5,0
69,1207,5,2,1300,22,2,5,2,0
70,1208,5,4,500,20,2,10,4,0
71,1220,4,1,1794,23,1,6,3,1
72,1221,2,1,500,0,1,6,3,1
73,1222,5,1,2000,21,1,11,5,1
74,1223,3,4,1500,18,1,7,4,0
75,1224,2,4,1000,0,1,5,2,0
76,1226,2,99,350,20,3,7,3,99
77,1228,2,7,300,24,1,10,4,0
78,1230,3,1,760,22,3,4,2,1
79,1231,1,1,2000,0,2,1,2,1
80,1232,4,10,200,19,1,4,1,0
81,1234,4,1,900,20,2,5,5,1
82,1235,3,7,2000,24,1,4,2,0
83,1236,2,1,2341,21,1,5,3,1
84,1238,4,1,2600,20,2,7,4,1
85,1242,3,7,600,20,2,6,3,0
86,1243,4,1,1700,21,1,12,5,1
87,1244,6,8,800,23,2,9,4,0
88,1245,3,9,1000,22,1,9,4,0
89,1246,4,1,48,20,2,13,2,1
90,1247,3,4,1000,25,2,1,1,0
91,1251,4,5,1200,21,2,13,2,0
92,1252,6,1,1100,20,2,12,5,1
93,1255,6,8,400,22,2,10,5,0
94,1256,4,1,1900,21,1,10,5,1
95,1257,4,1,1500,0,2,12,5,1
96,1260,5,3,0,0,1,5,3,0
97,1261,5,4,1300,0,2,4,1,0
98,1262,3,7,960,22,2,12,5,0
99,1263,4,7,600,22,2,9,4,0
100,1270,3,1,320,21,1,6,4,1
101,1275,3,7,2700,23,2,6,3,0
102,1277,1,5,3200,20,1,6,3,0
103,1278,4,1,1400,21,1,5,3,1
104,1279,5,1,1050,20,2,8,4,1
105,1280,3,1,600,20,1,6,3,1
106,1281,3,1,1200,21,1,9,4,1
107,1282,5,1,150,19,1,11,4,1
108,1283,3,1,3000,23,1,1,3,1
109,1284,3,1,900,19,3,13,2,1
110,1285,3,1,1000,0,2,5,2,1
111,1288,3,1,300,19,2,6,3,1
112,1291,4,1,500,22,3,9,4,1
113,1292,4,4,1500,21,2,12,5,0
114,1295,3,7,1000,20,1,4,2,0
115,1296,3,1,1810,21,2,13,5,1
116,1297,3,4,2000,22,1,6,3,0
117,1298,3,1,1000,21,1,6,4,1
118,1300,3,4,1485,23,1,4,1,0
119,1302,2,1,2100,20,1,8,4,1
120,1305,5,1,1000,19,1,12,5,1
121,1308,3,4,1500,23,1,5,2,0
122,1310,8,8,500,22,2,8,5,0
123,1311,4,4,2750,21,2,7,4,0
124,1312,4,4,300,16,1,1,3,0
125,1314,3,7,1500,20,1,6,3,0
126,1315,6,8,600,21,2,10,5,0
127,1320,4,1,100,0,2,5,2,1
128,1321,3,4,4800,0,2,1,4,0
129,1323,2,7,1400,23,1,4,2,0
130,1325,4,4,2100,22,1,5,2,0
131,1327,2,1,1500,22,2,5,2,1
132,1331,3,1,626,21,1,5,2,1
133,1332,3,1,3500,21,2,13,4,1
134,1335,8,6,600,0,2,4,2,0
135,1337,2,1,1300,21,2,5,2,1
136,1339,4,4,1500,21,2,6,3,0
137,1340,4,1,900,0,2,1,3,1
138,1341,3,1,800,22,2,10,5,1
139,1343,3,4,1000,22,1,12,5,0
140,1344,3,4,1200,22,1,5,3,0
141,1345,5,4,1500,20,2,8,5,0
142,1347,4,1,1000,20,2,10,5,1
143,1350,4,1,1720,22,1,5,2,1
144,1351,3,4,1157,20,2,8,4,0
145,1355,3,4,1000,20,1,9,4,0
146,1357,3,1,700,20,1,5,2,1
147,1358,4,1,780,20,1,11,3,1
148,1360,4,1,2800,22,1,12,5,1
149,1361,3,4,800,21,1,4,2,0
150,1365,6,1,2400,20,2,2,4,1
151,1366,2,99,700,21,2,9,5,99
152,1374,8,6,1111111111,21,2,5,3,0
153,1375,1,1,1500,20,2,4,1,1
154,1378,4,4,2500,21,2,4,2,0
155,1379,3,1,196,20,1,12,5,1
156,1380,1,4,750,23,1,12,5,0
157,1382,4,7,1300,21,1,7,4,0
158,1384,3,1,600,0,1,4,2,1
159,1385,3,7,300,20,1,10,5,0
160,1388,5,6,1200,23,1,10,4,0
161,1389,6,8,1000,22,2,13,3,0
162,1390,4,7,500,0,3,9,4,0
163,1391,8,6,1660,23,2,4,2,0
164,1393,4,1,1290,20,2,9,4,1
165,1394,2,1,1250,21,1,3,1,1
166,1402,1,1,4500,23,1,10,5,1
167,1403,3,4,2400,17,2,4,2,0
168,1405,3,1,1447,20,1,12,5,1
169,1407,1,4,1800,20,1,9,4,0
170,1408,3,7,600,21,3,7,3,0
171,1409,3,1,1000,22,2,4,2,1
172,1411,3,7,1000,21,1,5,2,0
173,1413,3,4,1600,20,1,8,4,0
174,1415,4,7,1000,21,2,1,3,0
175,1418,4,1,900,21,2,7,4,1
176,1421,3,1,580,20,1,5,2,1
177,1423,4,99,600,0,3,5,2,99
178,1424,2,5,2500,20,2,1,1,0
179,1426,8,4,1000,20,1,5,2,0
180,1432,5,2,900,0,1,7,3,0
181,1434,4,1,2000,21,1,12,5,1
182,1438,1,1,300,21,1,13,1,1
183,1440,3,1,500,20,2,6,3,1
184,1443,4,7,1050,20,2,10,3,0
185,1447,5,7,0,15,1,12,5,0
186,1450,3,1,1300,20,1,6,3,1
187,1452,4,1,1600,22,1,12,5,1
188,1454,1,5,300,20,3,7,3,0
189,1455,1,1,0,22,2,5,3,1
190,1457,7,1,500,23,2,4,2,1
191,1458,3,4,2500,23,1,4,2,0
192,1460,3,7,403,21,1,4,1,0
193,1461,4,7,1735,22,1,4,2,0
194,1463,3,1,1900,22,3,8,4,1
195,1471,1,1,5000,21,2,2,3,1
196,1474,5,6,5000,0,1,12,5,0
197,1478,3,1,6000,20,1,1,4,1
198,1481,1,1,1500,0,1,6,3,1
199,1484,5,4,2500,23,2,11,5,0
200,1486,2,1,768,20,1,12,5,1
201,1489,3,4,2000,22,2,12,5,0
202,1491,4,1,1200,22,1,12,5,1
203,1496,8,5,200,25,2,12,5,0
204,1498,3,7,700,21,1,4,3,0
205,1499,4,99,500,21,1,5,2,99
206,1501,8,6,1000,22,2,12,5,0
207,1502,3,3,3000,0,1,5,3,0
208,1503,4,7,1200,0,2,7,5,0
209,1504,4,1,600,0,2,13,5,1
210,1505,3,4,3000,22,2,9,4,0
211,1508,6,1,2000,20,2,9,4,1
212,1509,4,4,600,20,2,13,2,0
213,1510,2,3,1800,20,1,4,2,0
214,1513,8,6,391,24,2,10,5,0
215,1515,5,1,1570,0,2,12,5,1
216,1521,4,1,750,20,1,13,3,1
217,1523,1,8,2000,18,1,5,2,0
218,1525,1,1,3500,21,1,9,5,1
219,1526,7,7,2200,21,2,11,5,0
220,1529,3,7,130,20,1,6,3,0
221,1537,3,99,600,15,2,5,2,99
222,1540,3,1,2500,21,1,4,2,1
223,1542,1,1,1500,20,3,6,3,1
224,1552,4,4,3500,22,1,7,4,0
225,1556,3,1,1680,20,1,8,4,1
226,1559,3,7,720,20,1,4,2,0
227,1562,3,7,750,23,3,5,3,0
228,1563,3,1,573,18,1,3,1,1
229,1569,4,4,4000,19,2,12,5,0
230,1571,1,5,800,21,2,6,3,0
231,1573,1,1,700,21,1,13,4,1
232,1576,8,1,400,0,2,12,5,1
233,1584,4,4,800,20,2,6,3,0
234,1586,7,4,900,22,2,11,1,0
235,1588,3,1,450,20,1,4,2,1
236,1595,5,7,1500,19,2,5,2,0
237,1598,4,1,1300,23,1,12,5,1
238,1601,1,1,1020,15,1,4,1,1
239,1605,1,1,1692,21,1,6,3,1
240,1607,3,1,1000,23,1,7,4,1
241,1608,4,8,100,21,2,5,2,0
242,1609,6,1,950,21,2,12,5,1
243,1615,2,1,2500,22,2,6,5,1
244,1616,3,1,500,23,3,7,3,1
245,1619,3,1,2700,19,1,13,2,1
246,1620,4,1,780,21,1,7,4,1
247,1624,2,1,1500,25,2,4,2,1
248,1625,3,2,900,20,2,6,3,0
249,1626,4,2,1400,20,1,7,4,0
250,1627,5,2,800,21,1,8,4,0
251,1631,3,4,1000,19,1,5,2,0
252,1636,5,99,2000,0,2,4,1,99
253,1638,4,1,500,22,3,5,2,1
254,1641,3,7,550,21,2,4,2,0
255,1642,3,4,1000,20,1,7,4,0
256,1654,4,1,1000,20,1,4,2,1
257,1662,2,7,1200,22,1,13,2,0
258,1663,3,1,300,21,2,7,2,1
259,1666,7,10,500,20,2,9,4,0
260,1669,5,1,1200,21,3,6,4,1
261,1670,3,99,1200,22,2,1,2,99
262,1674,3,1,460,21,1,4,2,1
263,1675,4,10,1400,22,1,6,3,0
264,1685,4,1,700,20,1,6,3,1
265,1689,3,4,1000,21,2,10,5,0
266,1737,7,6,500,18,2,11,5,0
267,1751,3,1,1387,21,1,5,2,1
268,1780,2,1,400,0,1,11,5,1
269,1789,8,8,2400,21,2,9,4,0
270,1811,3,10,500,20,1,11,5,0
271,1813,3,4,1800,20,1,6,3,0
272,1816,8,6,500,21,2,10,5,0
273,1858,4,99,600,22,2,5,3,99
274,1868,7,99,2000,0,2,6,3,99
275,1875,8,6,1000,22,2,9,4,0
276,1879,6,6,1300,21,2,9,4,0
277,1881,4,1,1400,20,2,5,3,1
278,1889,1,8,1800,22,1,1,2,0
279,1903,2,7,650,18,1,9,5,0
280,1911,3,1,800,22,1,5,3,1
281,1917,1,1,600,24,1,6,3,1
282,1922,6,3,1000,20,2,12,5,0
283,1950,3,1,2000,22,1,8,4,1
284,1952,4,8,2000,20,1,4,2,0
285,1966,8,4,3500,20,2,6,3,0
286,1986,1,8,2500,0,2,4,3,0
287,1998,8,7,400,0,1,8,4,0
288,2000,5,5,1000,0,2,6,3,0
289,2001,4,1,1400,20,1,6,4,1
290,2005,5,99,1,0,2,8,5,99
291,2017,3,7,500,21,3,11,5,0
292,2019,1,1,700,22,1,4,2,1
293,2032,3,1,600,20,1,5,2,1
294,2035,8,1,1200,20,2,9,4,1
295,2043,3,5,1500,20,2,5,2,0
296,2047,4,1,700,21,2,4,2,1
297,2066,3,7,600,15,1,1,1,0
298,2074,3,4,120,20,1,4,1,0
299,2081,4,7,100,20,1,6,2,0
300,2088,1,1,800,0,2,2,5,1
301,2095,4,8,800,24,1,6,2,0
302,2097,3,1,1800,21,2,12,5,1
303,2108,6,4,2400,0,2,9,4,0
304,2118,3,1,1200,20,1,5,2,1
305,2125,8,7,1200,24,2,12,5,0
306,2130,1,1,1000,20,1,5,2,1
307,2131,3,7,500,19,2,9,4,0
308,2135,4,4,600,19,1,6,3,0
309,2140,4,4,600,22,3,6,3,0
310,2141,7,6,500,21,2,6,3,0
311,2146,5,1,1000,20,1,1,3,1
312,2153,5,1,1041,21,2,7,3,1
313,2157,3,1,1303,22,1,2,1,1
314,2158,5,7,1000,22,1,6,3,0
315,2170,1,4,1900,21,1,10,4,0
316,2175,3,4,2000,22,1,6,3,0
317,2183,3,4,1500,0,1,8,4,0
318,2185,3,1,500,21,1,5,2,1
319,2187,8,99,450,0,2,8,5,99
320,2190,6,10,800,20,2,8,4,0
321,2191,2,1,900,20,1,9,4,1
322,2200,4,1,2500,24,1,7,4,1
323,2211,6,1,900,22,2,10,5,1
324,2212,2,1,2500,22,1,6,4,1
325,2215,1,7,1300,21,3,6,3,0
326,2220,3,7,2000,0,1,10,4,0
327,2221,4,4,800000,0,1,5,2,0
328,2222,4,4,1000,20,2,8,4,0
329,2226,3,1,1800,22,1,6,3,1
330,2227,6,7,400,23,2,4,1,0
331,2236,2,1,1000,20,1,9,4,1
332,2238,1,7,900,21,1,7,3,0
333,2241,4,4,1300,20,2,7,3,0
334,2243,4,1,1300,18,1,3,1,1
335,2248,3,2,800,21,1,5,2,0
336,2252,4,1,1140,21,1,6,3,1
337,2254,3,7,1477,22,1,4,2,0
338,2255,4,7,800,20,3,2,1,0
339,2259,8,1,1450,21,2,6,3,1
340,2263,4,8,600,21,1,2,1,0
341,2265,4,1,600,17,1,9,5,1
342,2266,5,1,500,21,1,4,2,1
343,2279,3,1,450,20,1,1,1,1
344,2280,5,1,2000,22,3,5,3,1
345,2287,3,1,100,0,2,4,2,1
346,2289,3,7,100,24,3,1,1,0
347,2290,4,7,400,0,2,1,1,0
348,2297,4,5,0,0,2,1,2,0
349,2313,4,7,400,20,1,4,1,0
350,2322,4,99,500,25,2,1,2,99
351,2323,3,99,500,24,2,5,2,99
352,2340,2,1,800,23,1,1,1,1
353,2342,3,2,800,19,2,4,2,0
354,2348,4,7,1000,20,1,2,1,0
355,2349,6,1,600,18,2,5,2,1
356,2351,6,2,200,0,1,4,3,0
357,2363,3,1,2500,18,2,9,4,1
358,2369,4,4,300,0,3,10,5,0
359,2381,4,7,300,24,2,5,1,0
360,2382,6,4,1000,24,2,13,1,0
361,2385,4,1,1000,22,2,1,1,1
362,2386,6,99,350,0,2,10,2,99
363,2391,4,1,600,21,3,3,1,1
364,2392,2,99,230,0,2,2,1,99
365,2395,3,99,900,0,3,1,3,99
366,2404,3,7,700,22,3,,1,0
367,2478,4,1,500,20,3,3,2,1
368,2652,3,4,200,0,1,6,3,0
369,2680,7,5,3000,0,2,7,4,0
370,2773,5,99,400,21,2,8,3,99
371,2778,4,1,800,21,1,4,2,1
372,2793,3,8,1200,21,1,5,2,0
373,2833,3,1,2000,19,2,3,1,1
374,3108,3,2,500,21,2,3,2,0
375,3194,3,3,850,20,2,3,1,0
376,3197,2,4,2000,22,2,8,3,0
377,3235,3,99,900,30,3,1,1,99
378,3352,5,4,1000,0,3,2,2,0
379,3408,4,4,230,0,1,3,1,0
380,3412,4,99,3000,0,3,13,3,99
381,3449,4,7,480,19,2,4,1,0
382,3480,3,99,816,16,2,1,2,99
383,3484,1,1,2000,19,3,6,1,1
384,3523,4,5,50,20,2,3,2,0
385,3556,7,99,160,22,2,2,1,99
386,3565,1,8,800,20,1,3,1,0
387,3572,8,1,40,23,2,2,2,1
388,3575,8,99,359,0,2,1,1,99
389,3602,2,1,400,21,2,1,1,1
390,3682,3,7,100,18,1,3,1,0
391,3683,3,99,900,24,2,6,2,99
392,3706,3,99,1600,25,3,3,1,99
393,3737,6,5,0,21,2,1,1,0
394,3738,2,1,108,20,2,5,2,1
395,3739,5,1,300,21,1,5,2,1
396,3754,3,1,345,0,2,5,2,1
397,6471,1,10,550,17,3,4,2,0
398,6473,3,99,600,21,1,11,5,99
399,6474,3,7,1400,22,1,6,5,0
400,6476,8,1,1200,20,2,12,5,1
401,6477,3,1,5000,0,3,2,1,1
402,6479,3,99,0,20,2,5,3,99
403,6482,3,1,500,0,1,3,2,1
404,6483,7,1,3000,22,1,7,3,1
405,6484,3,4,3200,21,1,8,5,0
406,6485,8,6,4000,18,2,10,2,0
407,6489,3,99,600,20,2,9,5,99
408,6492,8,1,500,22,2,5,3,1
409,6497,4,99,200,16,3,10,3,99
410,6499,3,4,600,22,2,8,3,0
411,6500,8,6,200,0,1,8,4,0
412,6501,4,4,2000,0,2,1,2,0
413,6503,5,7,2100,21,2,5,2,0
414,6504,4,99,2000,0,3,13,2,99
415,6508,2,1,1267,22,1,8,2,1
416,6510,3,7,1000,21,3,5,2,0
417,6511,3,7,1200,25,1,6,3,0
418,6515,4,99,100,21,3,2,3,99
419,6517,6,1,0,0,2,8,4,1
420,6520,8,2,450,22,2,5,3,0
421,6521,1,10,2000,21,2,1,1,0
422,6526,3,8,1000,21,1,7,4,0
423,6528,5,99,1000,20,1,9,4,99
424,6529,5,4,990,27,3,9,4,0
425,6531,4,1,1000,0,1,10,4,1
426,6544,6,6,340,0,1,7,3,0
427,6545,8,5,600,23,2,12,4,0
428,6549,3,4,500,21,1,11,5,0
429,6559,3,5,670,24,2,5,2,0
430,6565,5,7,1000,0,3,1,1,0
431,6581,4,1,100,20,3,8,4,1
432,6585,3,7,1200,18,2,5,2,0
433,6589,4,99,500,0,2,1,2,99
434,6606,8,6,500,22,1,10,5,0
435,6607,3,1,77,19,2,7,4,1
436,6610,8,1,0,22,2,7,4,1
437,6612,8,1,1500,20,2,4,2,1
438,6614,4,99,200,22,2,3,1,99
439,6619,2,8,100,0,2,5,2,0
440,6621,7,6,600,22,2,10,4,0
441,6624,2,7,350,18,3,9,4,0
442,6631,3,1,480,21,3,5,2,1
443,6632,5,1,500,21,3,6,3,1
444,6636,4,1,650,20,1,5,3,1
445,6641,3,4,1000,0,2,5,3,0
446,6646,3,1,4000,21,2,6,3,1
447,6653,6,5,103,22,2,4,2,0
448,6657,6,1,800,0,1,10,5,1
449,6659,4,4,3000,0,2,6,3,0
450,6660,5,1,1100,21,2,11,5,1
451,6663,6,99,400,0,3,4,2,99
452,6664,4,7,4500,23,2,7,4,0
453,6665,5,7,500,0,2,10,4,0
454,6668,5,7,600,23,1,6,2,0
455,6671,2,4,650,20,3,13,3,0
456,6674,7,7,720,25,1,5,2,0
457,6677,7,9,2335,0,1,11,4,0
458,6678,5,1,1000,24,2,12,5,1
459,6682,5,1,600,0,2,10,5,1
460,6684,5,1,500,21,2,8,2,1
461,6692,7,1,850,21,2,6,3,1
462,6693,8,7,600,0,1,8,4,0
463,6694,5,99,300,0,3,4,2,99
464,6696,4,1,900,21,1,9,3,1
465,6699,3,7,200,24,3,4,2,0
466,6703,4,4,300,0,2,1,2,0
467,6704,4,1,390,19,2,6,3,1
468,6705,3,99,0,20,3,7,4,99
469,6706,5,7,190,0,3,5,3,0
470,6711,2,99,3000,0,1,6,2,99
471,6716,2,8,1500,15,1,5,3,0
472,6717,8,7,0,0,2,13,3,0
473,6718,4,1,700,0,1,11,5,1
474,6721,3,1,800,22,1,9,2,1
475,6722,3,7,1800,0,1,10,4,0
476,6726,3,4,3500,22,1,13,3,0
477,6728,3,99,300,20,3,6,4,99
478,6729,4,1,650,19,1,5,3,1
479,6732,4,1,1200,21,2,11,5,1
480,6733,2,7,400,20,3,7,4,0
481,6737,8,99,300,20,3,9,4,99
482,6741,4,99,200,20,3,4,2,99
483,6742,8,7,250,24,2,8,4,0
484,6744,3,1,1200,0,3,4,1,1
485,6746,3,99,130,0,2,13,2,99
486,6751,3,4,2000,21,1,1,2,0
487,6754,8,1,1000,0,2,10,4,1
488,6757,3,4,1000,22,1,6,4,0
489,6765,3,7,1200,22,1,2,1,0
490,6768,4,99,200,0,2,10,4,99
491,6775,4,4,800,20,3,6,3,0
492,6777,4,1,999,0,3,13,3,1
493,6783,4,99,400,20,2,6,2,99
494,6791,5,99,500,21,2,8,2,99
495,6797,8,1,200,20,2,8,4,1
496,6806,6,7,400,0,3,7,4,0
497,6814,7,10,800,22,2,8,4,0
498,6820,4,4,1000,22,1,5,3,0
499,6821,1,1,1600,23,2,9,4,1
500,6834,3,4,0,21,1,8,3,0
501,6837,4,1,402,20,3,5,2,1
502,7008,6,1,1000,0,2,13,3,1
503,7028,1,5,200,23,3,11,5,0
504,7047,7,7,1800,22,2,12,5,0
505,7145,5,1,350,0,2,2,2,1
506,7168,1,1,900,26,2,6,3,1
507,7174,6,6,500,0,2,7,4,0
508,7189,3,1,1300,21,1,10,5,1
509,7200,4,99,3000,0,3,7,4,99
510,7231,3,1,1200,23,1,7,3,1
511,7237,5,5,332,26,2,2,1,0
512,7240,8,7,200,0,2,12,5,0
513,7249,3,1,1400,20,3,4,2,1
514,7282,4,1,495,20,2,7,3,1
515,7294,1,1,600,22,3,5,2,1
516,7343,2,99,1800,0,3,5,2,99
517,7376,2,99,1000,25,2,12,4,99
518,7379,4,1,100,0,1,10,5,1
519,7390,7,1,700,24,1,7,3,1
520,7432,3,99,800,20,3,12,5,99
521,7435,8,99,650,19,2,5,3,99
522,7448,4,99,4000,23,3,9,5,99
523,7458,2,4,2472,0,1,6,3,0
524,7461,3,1,200,22,3,5,2,1
525,7542,7,1,300,21,2,8,4,1
526,7558,3,1,550,23,3,8,3,1
527,7605,4,99,800,24,3,12,5,99
528,7608,1,99,2564,0,3,1,1,99
529,7620,7,8,800,21,2,11,5,0
530,7625,6,99,580,18,3,5,2,99
531,7685,4,1,1050,25,1,9,5,1
532,7697,5,4,1600,22,1,6,3,0
533,7726,3,6,1000,21,1,8,4,0
534,7742,4,7,460,0,3,9,3,0
535,7758,7,1,400,21,2,6,2,1
536,7825,4,7,800,20,2,5,3,0
537,7842,5,6,500,0,1,10,5,0
538,7849,4,5,2000,0,1,8,4,0
539,7863,4,7,500,22,2,4,2,0
540,7897,1,1,1500,18,1,4,1,1
541,7950,3,1,1000,19,2,10,5,1
542,7967,7,6,2400,22,2,9,4,0
543,8014,4,1,2000,0,2,6,3,1
544,8062,3,99,500,20,3,8,4,99
545,8065,4,99,400,0,3,13,1,99
546,8089,4,7,600,21,3,6,3,0
547,8093,3,5,1500,22,1,2,1,0
548,8153,5,7,400,30,1,10,4,0
549,8161,4,1,910,0,2,7,4,1
550,8164,6,7,800,23,1,11,4,0
551,8258,8,7,1200,21,2,6,2,0
552,8324,3,1,840,21,1,6,2,1
553,8359,7,1,100,26,2,4,2,1
554,8435,2,1,1000,21,1,7,4,1
555,8472,5,1,300,22,2,5,2,1
556,8477,3,1,1500,19,2,6,3,1
557,8487,8,99,20,0,2,5,2,99
558,8507,2,4,0,22,1,1,2,0
559,8511,4,99,1200,0,2,2,3,99
560,8536,2,1,900,21,1,6,3,1
561,8544,4,4,2000,24,1,9,5,0
562,8561,3,4,1000,24,1,7,4,0
563,8583,4,1,900,20,2,6,3,1
564,8600,3,1,3500,22,2,10,5,1
565,8607,6,7,200,23,3,5,2,0
566,8652,7,8,1500,22,2,12,5,0
567,8706,2,99,250,20,1,5,2,99
568,8726,4,1,2438,20,1,6,3,1
569,8738,6,8,900,22,1,2,4,0
570,8754,4,2,420,0,3,4,3,0
571,8759,4,1,1300,20,1,6,3,1
572,8821,5,99,158,19,3,10,4,99
573,8845,3,99,100,20,1,1,5,99
574,8861,2,1,1000,22,1,7,4,1
575,8868,2,7,900,20,2,1,2,0
576,8893,4,99,80,30,2,4,2,99
577,8897,4,99,300,23,1,5,1,99
578,8898,4,2,560,16,2,4,2,0
579,8901,6,1,1000,22,2,10,5,1
580,8905,4,1,960,21,3,10,5,1
581,8906,6,7,1600,22,2,5,2,0
582,8910,5,3,4000,0,1,5,4,0
583,8911,3,1,800,19,1,6,3,1
584,8916,3,1,840,0,3,6,3,1
585,8920,4,1,300,20,1,9,4,1
586,8922,4,99,400,18,3,12,5,99
587,8936,5,2,1000,22,1,11,5,0
588,8941,4,7,1200,21,2,5,2,0
589,8944,4,9,500,0,2,6,2,0
590,8949,4,99,200,23,3,3,1,99
591,8952,3,10,250,20,3,8,4,0
592,8959,2,1,1000,0,3,5,2,1
593,8964,3,8,1000,20,1,7,2,0
594,8972,4,4,600,18,1,4,2,0
595,8983,2,7,500,20,3,1,1,0
596,8985,1,4,2000,0,1,8,1,0
597,8986,5,4,200,20,2,9,4,0
598,8994,1,1,1000,21,1,9,4,1
599,9010,1,1,500,23,1,4,2,1
600,9028,3,3,800,21,2,4,2,0
601,9035,3,4,500,18,1,11,4,0
602,9042,1,1,2000,22,1,6,3,1
603,9048,4,1,1400,27,2,6,3,1
604,9049,4,5,200,28,1,4,2,0
605,9057,2,1,1440,23,1,5,2,1
606,9060,8,1,300,23,2,11,5,1
607,9061,4,1,50,17,3,6,3,1
608,9063,2,4,1300,21,1,4,2,0
609,9066,3,3,70,0,3,5,2,0
610,9067,3,99,1200,25,2,5,2,99
611,9070,4,1,1200,21,1,2,3,1
612,9072,7,10,0,22,2,6,3,0
613,9076,4,99,100,0,3,1,2,99
614,9078,3,1,840,20,2,8,4,1
615,9080,8,6,720,21,2,5,2,0
616,9085,4,1,500,0,2,6,2,1
617,9092,3,4,2000,22,2,9,5,0
618,9096,3,5,500,20,1,4,2,0
619,9097,4,99,500,22,3,4,1,99
620,9101,1,2,330,18,1,8,4,0
621,9102,4,4,760,0,2,8,5,0
622,9117,2,1,0,0,2,6,3,1
623,9118,3,1,400,20,1,12,5,1
624,9129,2,99,750,0,2,8,4,99
625,9142,6,8,30,23,1,11,5,0
626,9158,4,2,850,21,2,7,3,0
627,9159,1,1,1300,19,3,9,4,1
628,9161,4,4,1000,24,2,4,1,0
629,9162,2,8,3000,21,2,7,3,0
630,9164,4,1,175,20,1,10,4,1
631,9175,3,7,950,0,1,6,3,0
632,9179,2,1,2400,22,1,2,1,1
633,9180,3,8,1200,21,1,4,2,0
634,9183,4,1,0,19,2,2,1,1
635,9184,4,7,80,20,2,4,1,0
636,9185,1,1,800,22,2,4,2,1
637,9186,3,1,285,17,1,4,2,1
638,9187,3,1,1800,20,3,3,1,1
639,9189,5,7,94,20,1,4,2,0
640,9191,3,4,1850,17,2,1,1,0
641,9192,3,7,80,21,2,3,1,0
642,9194,5,1,650,22,1,1,1,1
643,9195,2,1,1200,21,1,5,2,1
644,9198,3,7,190,21,1,4,2,0
645,9199,1,1,774,23,1,4,1,1
646,9207,3,9,1000,20,3,4,2,0
647,9208,3,4,1200,20,2,4,2,0
648,9209,3,1,0,22,1,5,2,1
649,9211,4,1,300,0,2,4,2,1
650,9213,1,4,1200,21,1,3,1,0
651,9226,1,1,1142,24,3,4,1,1
652,9227,3,1,580,24,1,4,2,1
653,9232,3,4,1200,20,1,5,3,0
654,9239,4,5,100,18,1,5,3,0
655,9246,3,99,550,23,3,3,1,99
656,9247,2,1,1100,21,1,4,2,1
657,9248,2,10,600,23,2,3,1,0
658,9249,7,10,500,0,2,7,4,0
659,9253,5,1,250,0,2,5,2,1
660,9260,3,7,32,0,1,3,1,0
661,9263,3,1,840,20,1,3,1,1
662,9275,4,1,1200,0,2,1,1,1
663,9276,4,1,400,22,1,5,3,1
664,9277,1,1,2355,19,1,4,2,1
665,9281,4,7,600,0,1,5,2,0
666,9282,5,7,600,0,2,13,1,0
667,9283,1,7,840,22,1,3,1,0
668,9285,3,1,900,25,1,4,1,1
669,9286,2,1,1930,21,1,9,5,1
670,9287,4,1,400,20,2,1,1,1
671,9289,3,1,260,19,3,4,2,1
672,9291,2,1,79,0,1,1,1,1
673,9297,4,1,2160,20,1,4,2,1
674,9301,2,1,480,17,3,4,2,1
675,9302,3,1,1000,24,1,1,1,1
676,9305,3,7,950,22,1,4,1,0
677,9306,2,7,900,18,1,4,1,0
678,9308,3,4,600,22,1,4,2,0
679,9309,6,1,550,20,2,4,2,1
680,9310,4,4,300,21,2,4,2,0
681,9311,4,1,800,23,2,4,2,1
682,9314,3,4,2000,18,2,1,2,0
683,9316,1,1,950,19,1,3,1,1
684,9319,3,1,750,19,1,4,1,1
685,9320,3,1,1200,20,1,3,1,1
686,9325,3,10,1200,0,2,13,2,0
687,9328,3,4,1712,18,2,6,3,0
688,9330,2,7,1008,20,1,4,1,0
689,9331,3,1,572,22,1,3,1,1
690,9332,3,1,60,18,3,1,2,1
691,9337,3,4,840,20,2,4,2,0
692,9338,4,1,600,0,1,3,1,1
693,9340,3,4,930,19,1,4,2,0
694,9341,3,4,255,20,1,4,1,0
695,9344,3,1,1100,24,2,3,1,1
696,9345,4,99,740,21,3,2,2,99
697,9352,3,1,372,20,2,4,2,1
698,9360,3,1,500,23,1,4,2,1
699,9361,3,1,600,19,2,1,1,1
700,9363,2,7,900,0,2,3,1,0
701,9364,3,4,3500,20,1,6,3,0
702,9372,3,1,900,23,1,13,2,1
703,9373,3,1,2000,22,1,4,2,1
704,9377,3,1,2400,20,1,3,1,1
705,9379,3,1,840,20,1,3,1,1
706,9382,5,1,2400,21,1,11,5,1
707,9384,4,1,1200,21,2,3,1,1
708,9390,3,4,600,21,1,4,2,0
709,9393,5,7,563,25,2,4,1,0
710,9394,7,7,600,22,2,4,1,0
711,9397,5,1,450,22,3,4,1,1
712,9399,3,4,2300,21,1,9,4,0
713,9403,3,1,720,0,1,4,2,1
714,9404,1,1,2009,20,2,3,1,1
715,9409,3,99,800,0,1,3,1,99
716,9411,5,4,500,23,1,9,4,0
717,9415,3,1,1300,20,2,1,2,1
718,9416,4,99,550,24,2,4,1,99
719,9418,2,1,400,19,1,4,2,1
720,9420,3,4,300,22,3,5,2,0
721,9422,3,99,1200,22,1,5,2,99
722,9425,3,99,900,0,1,3,1,99
723,9427,3,7,800,24,2,6,2,0
724,9428,1,5,2000,22,2,3,2,0
725,9432,7,8,500,18,2,1,1,0
726,9445,4,4,1000,20,1,6,3,0
727,9448,1,1,925,19,2,3,1,1
728,9450,1,8,200,22,1,4,1,0
729,9458,3,7,600,21,2,3,1,0
730,9465,5,5,1200,22,2,9,2,0
731,9466,3,4,240,20,2,4,1,0
732,9468,2,5,400,20,2,3,1,0
733,9469,2,7,500,20,3,4,2,0
734,9470,4,4,750,21,1,5,3,0
735,9473,3,1,1000,19,1,3,1,1
736,9474,5,99,800,0,3,4,1,99
737,9477,2,1,745,21,2,4,2,1
738,9478,1,7,985,20,1,4,2,0
739,9479,4,10,1716,19,2,1,1,0
740,9481,3,7,700,19,1,4,2,0
741,9484,3,1,200,20,1,6,3,1
742,9494,4,5,1500,20,2,4,2,0
743,9499,3,5,2400,21,2,4,2,0
744,9511,5,1,632,22,2,4,2,1
745,9516,5,1,250,20,1,4,2,1
746,9521,3,99,583,15,2,1,2,99
747,9524,6,7,500,20,1,5,3,0
748,9530,5,1,1000,22,3,6,4,1
749,9536,3,4,1500,0,3,7,3,0
750,9543,3,4,506,18,1,4,2,0
751,9545,1,1,300,20,2,1,1,1
752,9549,4,7,300,21,2,4,2,0
753,9557,4,4,500,20,2,5,3,0
754,9572,5,1,1400,25,2,13,2,1
755,9585,4,8,1000,21,2,4,2,0
756,9586,5,1,1400,21,2,1,2,1
757,9587,3,7,300,0,2,3,1,0
758,9594,3,4,400,20,1,3,1,0
759,9597,3,1,250,17,2,4,1,1
760,9608,6,7,950,17,2,4,2,0
761,9612,4,7,1000,20,3,1,1,0
762,9616,3,1,250,18,2,4,2,1
763,9622,3,1,1300,20,1,6,3,1
764,9629,3,7,840,21,3,4,1,0
765,9762,5,4,3000,0,3,13,1,0
766,9792,8,1,1200,20,2,4,1,1
767,9806,3,7,300,10,3,13,1,0
768,9809,2,1,460,16,1,1,1,1
769,9811,3,7,450,21,1,4,1,0
770,9862,3,1,1400,21,1,3,1,1
771,9884,3,1,700,20,2,3,1,1
772,9943,3,7,1236,20,2,3,1,0
773,9948,4,4,600,20,2,3,1,0
774,10019,2,4,3600,21,2,4,2,0
775,10035,2,4,2200,20,1,4,2,0
776,10060,3,1,300,20,1,4,2,1
777,10095,4,1,1000,20,2,1,1,1
778,10107,4,4,1300,21,1,1,1,0
779,10113,3,4,1000,21,1,4,2,0
780,10179,4,4,150,0,3,1,1,0
781,10188,3,1,820,20,2,5,2,1
782,10199,1,1,1000,21,1,5,2,1
783,10212,3,4,1400,21,1,6,3,0
784,10229,7,10,800,24,2,8,4,0
785,10235,3,1,2000,20,1,3,1,1
786,10252,2,4,1200,24,1,4,1,0
787,10263,3,8,800,21,2,2,2,0
788,10276,3,7,1000,24,3,7,3,0
789,10286,4,1,1000,21,3,1,3,1
790,10304,6,1,600,18,2,3,1,1
791,10319,3,7,320,22,3,4,1,0
792,10321,3,1,760,20,1,2,1,1
793,10334,4,1,0,21,2,3,1,1
794,10335,4,9,500,0,3,13,1,0
795,10346,3,7,600,21,1,5,3,0
796,10349,4,4,900,22,3,1,2,0
797,10359,4,1,800,21,1,2,1,1
798,10365,2,1,1000,0,1,3,1,1
799,10368,3,4,1900,0,3,4,2,0
800,10369,3,1,1000,23,3,1,1,1
801,10373,3,7,600,22,1,4,2,0
802,10374,5,1,300,0,1,4,2,1
803,10376,1,1,5900,23,1,5,2,1
804,10378,3,7,300,0,2,1,1,0
805,10379,2,1,3224,21,2,4,2,1
806,10391,3,99,700,0,3,4,2,99
807,10392,5,1,1400,0,2,12,2,1
808,10394,3,4,3500,19,1,4,2,0
809,10401,3,4,520,21,2,4,2,0
810,10403,3,7,2000,22,1,4,2,0
811,10406,4,1,600,20,2,4,2,1
812,10408,1,8,250,17,1,3,1,0
813,10412,3,1,100,20,2,2,1,1
814,10416,5,7,0,0,2,3,1,0
815,10418,2,1,1000,0,2,1,1,1
816,10419,2,99,150,0,2,1,2,99
817,10424,3,1,1600,21,3,2,1,1
818,10429,3,7,300,21,3,4,2,0
819,10430,4,7,700,21,1,4,1,0
820,10431,3,7,600,22,3,3,1,0
821,10432,5,4,50,0,2,4,2,0
822,10433,6,1,1200,20,2,5,3,1
823,10434,4,5,2000,23,1,4,2,0
824,10437,8,6,800,21,2,4,2,0
825,10438,5,1,1100,21,2,6,3,1
826,10444,4,10,0,0,1,4,2,0
827,10446,3,1,2000,24,2,1,2,1
828,10449,3,7,137,0,2,4,2,0
829,10454,3,4,500,23,1,3,1,0
830,10455,3,5,1412,17,1,4,2,0
831,10460,5,1,1000,21,2,6,3,1
832,10465,8,7,48,20,2,1,2,0
833,10467,3,1,185,21,1,3,1,1
834,10472,2,7,1000,18,1,3,1,0
835,10476,4,7,720,21,1,4,1,0
836,10480,3,4,400,20,1,4,2,0
837,10484,4,7,300,24,1,4,2,0
838,10487,3,7,600,23,1,4,2,0
839,10490,3,7,600,18,1,4,2,0
840,10499,3,1,900,23,3,4,2,1
841,10501,4,7,800,18,2,1,2,0
842,10504,3,5,360,20,1,4,1,0
843,10506,4,7,675,21,2,4,2,0
844,10507,3,7,1000,22,1,4,2,0
845,10510,3,8,1200,0,1,5,2,0
846,10513,4,7,1500,22,1,6,3,0
847,10518,4,1,250,20,1,5,2,1
848,10521,4,1,384,20,2,4,1,1
849,10529,3,7,500,0,1,4,2,0
850,10530,4,2,1000,22,3,4,2,0
851,10539,4,4,2400,21,1,4,1,0
852,10545,3,99,480,20,2,4,2,99
853,10547,2,1,900,0,1,5,2,1
854,10548,2,1,1200,22,1,5,3,1
855,10550,2,1,858,23,2,4,1,1
856,10551,3,1,510,0,1,4,2,1
857,10557,1,1,3000,19,1,5,2,1
858,10559,3,4,850,21,3,1,2,0
859,10561,3,7,850,22,1,4,2,0
860,10562,4,7,550,22,1,4,2,0
861,10567,3,4,1000,18,1,4,1,0
862,10571,3,1,120,19,2,3,1,1
863,10586,3,4,2000,0,3,4,1,0
864,10589,3,7,348,0,2,4,1,0
865,10590,1,1,530,20,1,4,2,1
866,10592,4,5,500,0,2,4,2,0
867,10599,3,1,650,20,2,4,1,1
868,10610,3,7,150,21,1,4,1,0
869,10614,5,7,250,22,1,5,2,0
870,10615,3,1,800,0,2,1,1,1
871,10617,5,1,850,22,1,4,2,1
872,10621,3,4,2800,22,1,9,4,0
873,10622,4,5,3200,20,1,3,1,0
874,10623,3,7,375,18,1,1,2,0
875,10625,5,7,300,20,1,4,2,0
876,10627,4,99,500,22,1,2,1,99
877,10628,4,1,1400,22,1,4,2,1
878,10632,3,4,0,18,1,3,1,0
879,10633,3,99,300,20,1,3,1,99
880,10635,3,4,1600,20,3,13,3,0
881,10643,2,1,600,22,2,5,2,1
882,10645,3,4,2500,21,1,3,1,0
883,10648,1,4,700,19,2,1,1,0
884,10649,2,1,350,16,2,1,2,1
885,10650,8,7,282,18,2,1,1,0
886,10651,3,1,800,21,3,4,1,1
887,10653,5,2,0,22,2,5,2,0
888,10657,5,7,170,20,3,4,2,0
889,10660,1,8,3000,20,2,5,2,0
890,10661,3,7,1000,25,1,1,1,0
891,10664,4,1,750,21,2,4,2,1
892,10668,1,1,1200,22,1,4,1,1
893,10678,6,6,2000,0,2,7,4,0
894,10679,3,4,300,0,1,4,2,0
895,10682,4,1,1200,0,2,6,4,1
896,10683,3,1,0,0,2,4,2,1
897,10686,5,1,721,20,1,4,1,1
898,10688,3,1,600,0,3,4,2,1
899,10691,2,1,1200,20,3,5,2,1
900,10693,3,1,450,20,1,3,1,1
901,10696,5,4,800,0,2,13,1,0
902,10698,4,5,1200,22,1,1,1,0
903,10703,5,1,900,23,2,4,2,1
904,10704,4,7,544,0,2,3,1,0
905,10705,3,1,840,22,1,4,2,1
906,10706,2,99,800,22,3,4,2,99
907,10712,3,5,1000,18,2,4,2,0
908,10714,2,1,700,20,1,4,2,1
909,10719,1,1,800,20,1,4,1,1
910,10720,3,5,1600,19,1,1,2,0
911,10724,2,8,550,21,2,4,1,0
912,10728,5,7,400,22,3,13,3,0
913,10742,5,1,900,21,2,5,2,1
914,10744,3,1,2000,0,1,4,2,1
915,10745,3,1,824,22,1,13,2,1
916,10746,4,99,960,22,2,4,2,99
917,10747,1,1,1200,21,2,5,3,1
918,10752,3,8,200,20,2,1,1,0
919,10758,4,1,300,23,2,3,1,1
920,10762,3,7,960,20,1,5,3,0
921,10766,8,7,98,20,2,4,1,0
922,10767,4,1,380,23,2,4,2,1
923,10772,3,7,1200,20,1,7,4,0
924,10775,1,1,850,21,1,4,2,1
925,10783,7,7,380,21,2,4,2,0
926,10790,3,8,1500,20,1,4,2,0
927,10792,2,7,330,21,1,3,1,0
928,10793,3,1,500,20,1,4,1,1
929,10805,3,4,5000,20,1,5,3,0
930,10823,3,4,1500,22,3,2,1,0
931,10825,3,1,665,21,2,4,1,1
932,10828,1,4,650,24,3,3,1,0
933,10831,6,4,844,22,1,4,2,0
934,10832,4,99,400,0,2,3,1,99
935,10835,3,99,0,22,2,4,2,99
936,10839,2,7,540,21,2,4,2,0
937,10849,1,1,756,21,3,4,1,1
938,10852,1,8,4000,21,2,4,1,0
939,10853,4,99,120,21,2,13,4,99
940,10854,3,1,379,0,2,1,2,1
941,10857,3,5,480,20,1,3,1,0
942,10858,3,7,750,21,1,3,2,0
943,10859,4,1,300,21,1,1,1,1
944,10862,2,1,350,22,1,3,1,1
945,10863,1,2,1400,25,1,5,2,0
946,10864,3,1,20,22,1,5,2,1
947,10867,5,4,200,0,1,3,3,0
948,10870,5,1,1800,22,1,1,3,1
949,10872,1,7,0,25,3,4,2,0
950,10873,3,1,750,21,1,3,1,1
951,10874,3,4,2200,22,2,4,2,0
952,10876,3,7,700,20,1,3,1,0
953,10879,3,4,600,21,3,1,1,0
954,10881,2,99,400,0,1,6,2,99
955,10885,3,4,700,19,2,6,3,0
956,10886,1,4,1000,19,1,10,4,0
957,10896,4,99,388,22,1,4,1,99
958,10899,3,7,960,22,3,1,2,0
959,10906,3,2,650,17,1,5,2,0
960,10907,3,1,600,0,1,4,2,1
961,10908,2,1,1219,21,2,1,2,1
962,10909,3,7,350,25,2,1,1,0
963,10910,3,1,700,22,1,2,2,1
964,10911,3,1,700,0,2,4,2,1
965,10921,4,5,100,18,2,4,2,0
966,10924,5,99,300,20,2,1,1,99
967,10933,4,1,350,22,3,2,2,1
968,10938,5,99,400,0,2,1,1,99
969,10945,6,1,720,21,1,4,2,1
970,10948,7,6,50,21,2,3,1,0
971,10949,4,1,700,20,2,4,2,1
972,10951,3,99,513,0,1,4,1,99
973,10954,3,8,800,20,2,3,1,0
974,10958,4,1,900,22,2,6,3,1
975,10964,1,1,300,0,2,4,2,1
976,10965,3,1,2000,21,1,3,1,1
977,10980,3,7,1200,22,1,3,1,0
978,10982,3,1,500,19,2,3,1,1
979,10998,3,1,550,19,2,4,1,1
980,11008,3,1,400,18,2,4,2,1
981,11011,3,7,800,27,2,5,3,0
982,11013,3,1,1800,22,2,6,5,1
983,11022,2,99,600,0,2,4,2,99
984,11049,3,7,1300,21,1,4,2,0
985,11052,3,5,50,0,2,2,1,0
986,11056,3,8,3000,20,1,4,1,0
987,11061,3,7,400,20,3,1,1,0
988,11064,3,1,750,23,1,4,1,1
989,11067,1,1,1200,21,2,3,1,1
990,11070,4,5,2000,22,2,4,2,0
991,11080,3,1,70,21,3,5,2,1
992,11082,2,5,2900,19,1,1,1,0
993,11085,3,4,2000,23,1,13,2,0
994,11089,3,1,1000,23,1,5,2,1
995,11092,2,99,0,21,3,6,3,99
996,11101,5,7,500,22,3,4,2,0
997,11102,3,1,1900,21,2,4,1,1
998,11103,3,1,800,20,3,4,1,1
999,11108,2,4,440,22,3,1,1,0
1000,11114,4,7,800,18,1,1,2,0
1001,11128,4,1,1000,24,3,3,1,1
1002,11139,2,4,600,19,1,5,2,0
1003,11141,2,1,2780,21,1,3,1,1
1004,11147,3,7,800,22,1,4,2,0
1005,11159,4,1,420,22,1,4,2,1
1006,11164,3,4,1500,16,1,3,1,0
1007,11167,3,1,600,20,1,5,3,1
1008,11172,3,4,750,19,1,4,2,0
1009,11183,1,7,2000,22,1,1,2,0
1010,11184,3,1,1300,20,2,4,1,1
1011,11186,5,1,1067,23,2,4,2,1
1012,11188,3,7,260,23,1,3,1,0
1013,11201,5,8,1000,21,1,12,5,0
1014,11206,1,7,350,18,1,4,2,0
1015,11211,3,1,200,0,3,2,4,1
1016,11214,5,1,600,21,2,3,1,1
1017,11215,8,99,100,22,3,13,1,99
1018,11216,3,1,600,19,2,4,2,1
1019,11225,3,7,1200,23,1,1,2,0
1020,11226,3,1,400,20,1,3,1,1
1021,11228,2,99,500,0,2,11,3,99
1022,11234,1,1,600,18,2,6,3,1
1023,11240,1,4,500,21,2,4,2,0
1024,11243,3,4,250,20,1,1,2,0
1025,11244,2,8,500,22,1,2,1,0
1026,11251,3,5,1500,20,2,3,2,0
1027,11254,3,1,400,22,2,1,2,1
1028,11276,3,1,1300,20,2,5,2,1
1029,11288,1,1,1500,23,2,4,1,1
1030,11296,8,1,150,21,3,1,1,1
1031,11297,3,8,3000,22,1,4,1,0
1032,11301,3,4,800,20,3,4,1,0
1033,11302,3,1,642,22,3,4,2,1
1034,11332,2,10,1750,21,1,4,1,0
1035,11400,2,7,1800,21,1,5,2,0
1036,11448,3,4,1500,0,1,7,4,0
1037,11450,3,99,1200,20,2,8,4,99
1038,11605,3,1,400,20,2,4,2,1
1039,11618,2,4,1080,25,2,3,1,0
1040,11634,3,8,250,20,1,4,2,0
1041,11639,1,8,500,20,2,3,1,0
1042,11702,4,4,335,19,3,4,2,0
1043,11715,5,4,700,20,3,4,2,0
1044,11730,2,5,3000,22,1,6,2,0
1045,11735,4,99,1200,21,3,13,2,99
1046,11768,1,1,600,21,1,4,2,1
1047,11775,4,4,960,22,1,3,1,0
1048,11910,3,1,400,21,3,2,2,1
1049,11912,2,1,1000,19,1,2,1,1
1050,11941,3,5,900,22,1,4,2,0
1051,11954,5,1,2000,19,1,5,3,1
1052,11964,6,7,1000,20,2,5,3,0
1053,12007,2,1,1400,21,1,4,2,1
1054,12063,1,1,1200,24,1,4,1,1
1055,12080,3,1,1300,20,1,1,1,1
1056,12108,4,1,550,21,3,4,2,1
1057,12122,5,1,2000,20,2,1,2,1
1058,12202,4,8,150,21,1,4,1,0
1059,12234,5,7,400,0,1,1,2,0
1060,12242,3,1,1800,22,1,3,3,1
1061,12246,3,4,4500,20,2,12,5,0
1062,12247,2,4,1500,20,1,5,3,0
1063,12261,3,1,900,19,2,4,2,1
1064,12326,6,7,2000,0,2,4,2,0
1065,12357,3,7,100,20,3,5,2,0
1066,12358,2,5,700,16,2,1,1,0
1067,12385,3,4,900,0,2,3,1,0
1068,12409,3,1,500,22,1,4,2,1
1069,12444,3,99,50,0,2,1,1,99
1070,12445,5,8,500,0,1,13,5,0
1071,12463,1,7,450,18,1,4,2,0
1072,12473,2,4,900,21,3,1,1,0
1073,12478,3,4,3000,18,1,8,3,0
1074,12479,3,4,2700,21,3,2,1,0
1075,12480,3,1,700,22,2,3,1,1
1076,12494,3,7,700,22,1,4,2,0
1077,12497,4,4,800,21,2,1,2,0
1078,12639,1,2,1500,19,2,4,2,0
1079,12653,4,8,300,23,2,7,4,0
1080,12664,5,4,500,25,2,3,1,0
1081,12705,5,1,2000,20,2,7,4,1
1082,12718,1,10,2000,17,2,3,1,0
1083,12728,6,1,12000,19,1,8,4,1
1084,12730,1,1,300,0,2,1,1,1
1085,12732,2,10,1000,24,1,2,3,0
1086,12733,3,4,1000,20,2,1,1,0
1087,12740,4,7,1400,0,3,4,2,0
1088,12741,5,99,800,24,2,7,4,99
1089,12753,3,7,1500,18,2,4,2,0
1090,12774,3,7,1600,0,2,2,2,0
1091,12781,3,7,1200,20,1,13,1,0
1092,12783,4,99,600,21,3,3,1,99
1093,12793,4,1,780,20,1,2,1,1
1094,12799,2,4,2000,23,1,2,2,0
1095,12824,4,1,1000,20,1,13,2,1
1096,12828,3,1,643,22,1,4,1,1
1097,12838,4,4,480,23,1,3,1,0
1098,12845,2,1,900,21,1,4,2,1
1099,12853,3,7,1200,19,3,5,2,0
1100,12854,4,10,1320,22,1,4,2,0
1101,12858,3,1,300,28,3,2,2,1
1102,12860,3,1,850,19,1,1,1,1
1103,12863,3,99,2200,20,3,8,2,99
1104,12866,5,1,500,19,2,13,2,1
1105,12867,3,1,800,0,3,1,1,1
1106,12870,4,1,3000,25,1,4,2,1
1107,12873,5,4,3000,20,1,10,5,0
1108,12875,3,4,750,18,1,12,5,0
1109,12878,4,1,2200,21,1,12,5,1
1110,12881,6,1,2000,20,1,12,5,1
1111,12882,3,4,2400,21,1,12,5,0
1112,12884,4,1,50,23,1,13,4,1
1113,12889,2,1,1200,22,2,9,5,1
1114,12894,3,1,800,21,1,11,5,1
1115,12895,2,1,2500,21,1,12,5,1
1116,12897,6,1,600,21,2,9,4,1
1117,12900,3,7,1362,20,1,9,4,0
1118,12901,1,1,1200,21,1,6,3,1
1119,12904,3,1,1457,22,1,10,5,1
1120,12906,5,1,1041,20,2,9,4,1
1121,12908,4,4,3512,22,1,9,5,0
1122,12910,3,7,1006,21,1,12,5,0
1123,12915,7,1,1450,22,2,9,4,1
1124,12917,2,1,750,21,1,12,5,1
1125,12922,3,1,375,24,1,9,5,1
1126,12924,3,1,2509,20,1,10,5,1
1127,12927,3,1,200,18,2,9,5,1
1128,12928,7,6,800,21,1,12,5,0
1129,12930,5,3,2500,0,1,12,2,0
1130,12932,5,1,1500,21,2,9,4,1
1131,12934,4,1,1200,22,1,12,5,1
1132,12935,8,8,800,22,2,9,5,0
1133,12936,6,1,1000,20,2,12,5,1
1134,12947,5,1,2300,21,1,9,5,1
1135,12949,7,1,400,18,2,12,5,1
1136,12950,5,1,1000,23,1,9,4,1
1137,12951,8,6,240,20,2,11,5,0
1138,12954,4,1,845,22,1,9,4,1
1139,12955,4,4,2500,21,1,12,4,0
1140,12956,7,4,1480,0,2,10,4,0
1141,12957,3,10,500,19,1,11,5,0
1142,12959,3,4,1000,20,1,9,5,0
1143,12961,3,4,1000,19,1,9,5,0
1144,12963,3,4,3200,22,1,8,4,0
1145,12964,6,1,2400,19,2,11,5,1
1146,12967,2,1,2420,21,1,11,5,1
1147,12968,4,5,1400,22,1,10,5,0
1148,12971,8,7,323,21,2,10,5,0
1149,12972,5,1,400,0,1,12,5,1
1150,12983,4,4,2400,21,2,11,5,0
1151,12986,7,6,1200,21,2,10,5,0
1152,12993,5,1,1000,21,1,12,5,1
1153,12997,3,1,850,20,1,10,5,1
1154,13000,3,1,1600,19,1,10,5,1
1155,13001,3,1,130,19,1,12,5,1
1156,13005,7,7,2642,19,1,9,3,0
1157,13007,3,99,1000,0,3,11,5,99
1158,13008,4,1,720,21,1,12,5,1
1159,13017,4,1,1300,23,1,7,4,1
1160,13020,3,1,700,19,1,12,5,1
1161,13022,1,1,731,22,2,10,5,1
1162,13023,4,7,800,21,1,10,5,0
1163,13024,5,4,960,18,1,10,4,0
1164,13027,6,1,1200,19,2,11,5,1
1165,13029,3,8,1200,23,1,10,5,0
1166,13031,3,1,2800,22,2,11,5,1
1167,13035,3,1,500,22,1,9,5,1
1168,13042,5,1,850,20,1,6,3,1
1169,13043,2,1,1800,21,1,8,3,1
1170,13044,5,1,3916,23,1,9,4,1
1171,13045,4,7,900,23,1,12,5,0
1172,13046,3,1,614,20,1,8,4,1
1173,13049,3,1,750,20,1,12,5,1
1174,13051,2,8,2000,21,1,6,3,0
1175,13054,4,5,1800,22,2,5,2,0
1176,13059,3,8,1500,22,1,12,5,0
1177,13062,6,1,3200,22,1,9,5,1
1178,13066,8,7,800,21,2,12,5,0
1179,13067,5,1,1602,21,2,10,5,1
1180,13068,1,1,1500,21,1,9,4,1
1181,13071,5,1,1425,21,1,9,5,1
1182,13072,5,1,1800,20,2,12,5,1
1183,13073,3,1,1500,22,1,8,4,1
1184,13074,3,4,890,21,1,12,5,0
1185,13076,3,1,900,21,1,12,5,1
1186,13077,3,4,3000,22,1,9,4,0
1187,13080,3,1,1531,20,1,6,3,1
1188,13082,1,1,2400,21,1,13,5,1
1189,13091,1,7,1080,20,2,12,5,0
1190,13095,2,4,2000,22,1,12,5,0
1191,13098,3,6,1200,20,1,12,5,0
1192,13099,1,8,600,22,1,13,3,0
1193,13102,4,1,1300,22,1,12,5,1
1194,13103,5,3,1280,21,1,11,5,0
1195,13107,8,1,2000,22,2,10,5,1
1196,13108,3,4,1200,20,1,5,5,0
1197,13109,2,4,1200,0,1,12,5,0
1198,13110,4,1,2000,23,1,11,5,1
1199,13116,3,1,1900,23,2,7,3,1
1200,13124,1,1,1600,22,1,12,5,1
1201,13126,6,4,1200,19,2,12,5,0
1202,13127,2,4,2000,20,1,11,5,0
1203,13128,3,1,1200,20,1,11,5,1
1204,13129,5,1,1200,21,2,12,5,1
1205,13132,1,7,2400,20,2,12,5,0
1206,13133,4,7,3800,22,1,8,4,0
1207,13134,6,1,1330,22,2,1,2,1
1208,13140,3,9,1800,22,1,2,4,0
1209,13144,3,4,3000,20,1,8,5,0
1210,13146,4,4,750,21,1,11,5,0
1211,13147,5,1,1000,22,1,7,3,1
1212,13148,6,5,2500,21,2,12,4,0
1213,13150,7,6,2000,22,2,12,5,0
1214,13151,5,7,600,20,1,12,5,0
1215,13153,3,4,2000,0,1,12,5,0
1216,13154,5,1,1000,0,1,12,5,1
1217,13158,6,7,1200,18,2,9,5,0
1218,13159,5,1,2000,20,1,12,5,1
1219,13164,5,1,1300,23,1,11,5,1
1220,13172,3,1,850,22,1,12,5,1
1221,13175,4,1,1250,20,2,9,4,1
1222,13176,3,1,600,21,2,12,5,1
1223,13177,2,7,960,25,1,10,4,0
1224,13178,5,1,1200,21,1,9,5,1
1225,13181,3,6,1200,20,1,12,5,0
1226,13182,7,4,1200,22,2,12,5,0
1227,13183,4,5,2500,21,2,12,5,0
1228,13184,3,1,3000,19,2,12,5,1
1229,13187,3,4,2800,19,2,9,4,0
1230,13188,3,1,1700,23,1,5,2,1
1231,13190,1,1,500,18,2,12,5,1
1232,13199,4,4,1800,22,1,8,4,0
1233,13200,6,5,250,0,2,10,4,0
1234,13204,3,4,1805,23,1,11,5,0
1235,13205,5,1,1260,19,2,11,5,1
1236,13212,8,6,1100,21,2,12,4,0
1237,13213,4,4,950,22,3,12,5,0
1238,13214,3,1,1294,22,1,9,4,1
1239,13218,5,1,645,21,1,10,5,1
1240,13219,4,1,1720,21,1,10,5,1
1241,13222,8,99,2000,0,2,8,4,99
1242,13224,6,1,1200,20,2,8,3,1
1243,13228,1,7,1200,23,2,12,5,0
1244,13229,6,1,2000,22,1,8,5,1
1245,13241,1,1,1500,22,1,8,5,1
1246,13242,4,1,800,22,2,10,4,1
1247,13243,4,1,400,20,1,12,5,1
1248,13244,4,1,1100,21,1,10,5,1
1249,13245,4,5,3200,20,1,10,4,0
1250,13246,1,6,233,0,1,12,5,0
1251,13249,1,4,540,20,1,12,5,0
1252,13250,2,7,1200,23,1,9,4,0
1253,13251,4,1,1500,23,1,9,5,1
1254,13253,3,4,1600,20,1,11,5,0
1255,13256,4,7,2000,23,1,12,5,0
1256,13262,5,7,800,0,2,12,4,0
1257,13267,3,1,2400,22,2,9,4,1
1258,13270,4,8,1000,23,2,12,5,0
1259,13274,4,1,1600,22,1,10,5,1
1260,13275,3,1,1385,20,1,10,5,1
1261,13287,3,1,120,22,1,11,5,1
1262,13289,5,1,804,22,1,12,5,1
1263,13293,4,1,2000,20,1,13,5,1
1264,13294,1,7,1080,20,2,12,5,0
1265,13295,6,10,1900,21,2,12,5,0
1266,13296,5,9,500,20,2,10,4,0
1267,13300,1,1,1500,20,1,12,5,1
1268,13304,3,1,1000,22,1,9,4,1
1269,13306,3,1,2400,20,1,11,5,1
1270,13307,5,1,1600,20,2,12,5,1
1271,13308,7,1,2500,25,2,12,5,1
1272,13309,4,7,1500,20,1,10,5,0
1273,13312,3,1,2500,21,1,12,5,1
1274,13313,2,1,2600,20,1,9,4,1
1275,13314,3,4,1000,24,2,9,5,0
1276,13320,1,1,2000,20,1,12,5,1
1277,13324,3,4,2000,20,2,9,5,0
1278,13325,4,1,2500,20,1,10,5,1
1279,13330,5,4,2500,21,2,10,5,0
1280,13331,5,4,1200,23,1,9,5,0
1281,13332,3,4,600,20,1,2,4,0
1282,13333,1,1,1820,19,1,11,5,1
1283,13334,6,1,1000,22,2,9,4,1
1284,13336,7,1,1000,22,2,12,5,1
1285,13337,6,1,1700,22,1,11,5,1
1286,13339,4,1,1200,21,1,12,5,1
1287,13342,5,4,2500,20,2,11,5,0
1288,13344,3,99,1000,19,1,8,4,99
1289,13346,3,7,700,0,1,9,4,0
1290,13351,6,7,2200,22,2,10,5,0
1291,13356,7,1,1000,24,2,9,5,1
1292,13361,5,1,2800,22,2,12,5,1
1293,13366,3,1,400,21,1,9,5,1
1294,13367,3,1,460,21,2,6,4,1
1295,13368,3,1,1100,20,1,12,5,1
1296,13369,5,1,1200,23,1,2,5,1
1297,13371,4,1,1230,22,2,12,5,1
1298,13372,4,4,2000,15,1,10,4,0
1299,13374,4,9,1624,21,1,9,5,0
1300,13375,3,4,1000,22,1,11,5,0
1301,13380,4,1,500,18,3,9,5,1
1302,13382,1,1,2000,19,1,9,5,1
1303,13385,1,1,1245,21,1,11,5,1
1304,13387,1,4,3000,22,1,12,5,0
1305,13388,6,6,1200,23,2,12,5,0
1306,13389,1,1,1100,22,1,12,5,1
1307,13393,7,1,1730,19,2,11,5,1
1308,13397,3,1,2100,21,1,12,5,1
1309,13398,3,7,500,22,2,7,4,0
1310,13401,4,4,1500,23,1,9,4,0
1311,13406,3,1,1000,22,1,10,5,1
1312,13413,3,8,1800,21,1,12,5,0
1313,13420,4,1,1000,21,1,12,5,1
1314,13421,4,1,1350,21,2,11,5,1
1315,13426,8,1,700,0,2,7,4,1
1316,13427,3,1,3000,22,1,10,4,1
1317,13428,4,4,2500,20,1,9,5,0
1318,13431,5,4,1600,21,2,6,3,0
1319,13437,1,4,2600,23,1,9,5,0
1320,13438,3,1,800,19,1,8,4,1
1321,13440,5,1,2000,22,1,8,4,1
1322,13442,5,4,2200,21,1,8,4,0
1323,13445,6,1,1500,22,2,12,5,1
1324,13448,2,7,1500,20,2,8,4,0
1325,13451,1,7,1000,25,1,11,5,0
1326,13454,1,8,600,21,1,9,5,0
1327,13455,5,1,600,20,2,11,5,1
1328,13456,5,1,4000,23,1,9,4,1
1329,13460,2,7,2585,24,1,11,5,0
1330,13462,3,8,600,21,1,9,4,0
1331,13463,1,1,2500,20,1,12,5,1
1332,13470,4,7,4280,19,1,9,5,0
1333,13475,7,1,1000,22,2,10,5,1
1334,13478,4,99,1220,22,2,9,5,99
1335,13483,4,1,1800,20,2,8,4,1
1336,13487,6,4,150,21,2,12,5,0
1337,13496,4,1,1272,20,1,8,4,1
1338,13497,4,1,1500,21,2,12,4,1
1339,13505,6,1,560,22,1,9,5,1
1340,13506,3,4,400,22,3,9,5,0
1341,13515,4,1,1200,20,1,12,5,1
1342,13563,1,7,2000,22,1,12,5,0
1343,13578,8,6,1650,23,2,11,5,0
1344,13582,8,1,500,24,1,7,3,1
1345,13584,3,1,1200,0,1,5,2,1
1346,13643,3,1,2000,19,1,11,5,1
1347,13646,4,8,400,23,1,2,4,0
1348,13657,6,6,1000,21,2,12,5,0
1349,13692,4,1,3500,22,1,12,5,1
1350,13694,3,1,1200,22,1,7,4,1
1351,13695,3,1,1200,24,3,9,4,1
1352,13696,3,1,1234,21,1,10,5,1
1353,13701,3,1,800,21,1,12,5,1
1354,13713,2,4,3000,20,1,12,5,0
1355,13714,3,1,2000,22,1,13,5,1
1356,13719,3,4,2000,0,3,11,4,0
1357,13729,2,1,1000,22,3,12,5,1
1358,13781,5,1,2400,20,1,7,5,1
1359,13790,6,1,809,22,3,10,5,1
1360,13799,3,1,100,21,1,9,4,1
1361,13801,3,1,1599,21,1,10,5,1
1362,13803,6,6,4000,23,2,6,3,0
1363,13811,8,7,800,25,1,12,5,0
1364,13815,8,1,1500,22,2,10,5,1
1365,13816,4,4,2200,22,1,10,4,0
1366,13824,1,7,1500,0,3,9,4,0
1367,13835,7,5,2000,0,3,12,5,0
1368,13836,4,1,0,20,1,8,4,1
1369,13844,5,1,1102,21,2,12,5,1
1370,13868,4,1,1200,18,1,12,5,1
1371,13883,3,1,2000,21,1,10,5,1
1372,13909,6,1,900,22,2,11,5,1
1373,13917,1,2,2500,21,1,12,5,0
1374,13929,6,7,1500,20,2,9,4,0
1375,13932,3,4,1500,20,1,12,5,0
1376,13934,3,99,3000,22,1,9,4,99
1377,13935,7,2,1000,22,2,10,5,0
1378,13946,3,7,1000,0,3,7,3,0
1379,13949,3,4,3200,21,1,10,5,0
1380,13963,2,1,1200,18,1,11,4,1
1381,13967,4,8,100,21,2,8,4,0
1382,13977,3,1,1500,22,1,8,4,1
1383,13978,3,7,2787,20,1,9,5,0
1384,13980,8,6,800,21,2,9,5,0
1385,13982,1,4,1500,0,1,8,4,0
1386,13983,3,7,1300,25,1,9,4,0
1387,13984,3,1,1600,25,2,8,4,1
1388,13985,8,1,1200,21,2,10,5,1
1389,13989,4,8,750,23,2,9,4,0
1390,13995,1,8,3500,22,1,9,5,0
1391,13997,4,1,1800,27,1,12,4,1
1392,13998,4,1,200,20,2,6,3,1
1393,13999,2,99,770,22,2,10,5,99
1394,14000,5,8,500,21,2,5,2,0
1395,14006,3,7,1000,22,1,11,5,0
1396,14007,3,8,2000,22,2,13,5,0
1397,14010,3,4,5000,20,3,10,4,0
1398,14011,8,1,800,23,2,10,5,1
1399,14012,3,1,1500,22,1,,4,1
1400,14014,4,1,2300,0,1,8,4,1
1401,14015,1,1,1500,20,1,9,4,1
1402,14016,5,1,1300,22,2,12,5,1
1403,14017,8,6,1500,21,2,12,5,0
1404,14020,3,4,2500,20,1,10,4,0
1405,14031,6,1,800,22,2,9,4,1
1406,14032,1,1,2000,24,2,12,5,1
1407,14034,3,4,700,22,2,10,5,0
1408,14036,3,1,1200,21,1,9,4,1
1409,14041,8,99,700,20,2,10,5,99
1410,14050,7,1,1200,20,1,8,4,1
1411,14051,5,6,2000,18,2,9,4,0
1412,14055,8,99,1000,26,2,12,5,99
1413,14060,3,5,1299,21,2,9,5,0
1414,14061,3,6,2000,22,1,11,5,0
1415,14062,1,1,1600,24,1,10,5,1
1416,14064,2,1,1121,21,3,10,5,1
1417,14071,1,7,500,15,1,12,5,0
1418,14073,2,4,3500,22,1,12,5,0
1419,14080,5,4,1500,21,1,9,4,0
1420,14092,4,1,160,21,1,9,4,1
1421,14101,3,4,1500,22,1,11,5,0
1422,14104,3,7,575,22,2,9,5,0
1423,14113,4,9,300,19,2,7,3,0
1424,14135,6,1,862,17,1,12,4,1
1425,14136,1,7,2400,0,1,12,5,0
1426,14139,8,1,2000,22,1,9,5,1
1427,14140,7,1,700,20,2,10,5,1
1428,14143,8,1,1000,21,2,9,4,1
1429,14146,6,1,2880,23,1,10,5,1
1430,14148,5,1,1800,20,1,10,4,1
1431,14154,4,4,1000,21,2,10,4,0
1432,14155,5,1,2400,19,1,10,5,1
1433,14161,1,1,900,0,1,10,5,1
1434,14169,5,1,1200,0,1,9,4,1
1435,14172,3,1,620,21,1,11,5,1
1436,14175,3,1,500,18,1,12,5,1
1437,14183,4,1,1000,21,2,12,5,1
1438,14186,3,4,2000,22,2,9,4,0
1439,14189,5,1,500,19,1,12,5,1
1440,14190,6,1,758,22,1,6,3,1
1441,14191,1,1,1000,20,1,12,5,1
1442,14192,5,1,800,24,1,12,5,1
1443,14193,3,2,3827,0,1,8,4,0
1444,14195,5,7,1230,15,2,7,4,0
1445,14197,5,1,1100,21,2,11,5,1
1446,14199,1,1,1000,0,1,12,5,1
1447,14203,3,7,1500,21,2,10,4,0
1448,14209,1,7,700,23,2,8,4,0
1449,14210,6,1,840,22,2,2,5,1
1450,14213,7,7,1250,21,2,11,5,0
1451,14219,6,6,2000,20,2,11,5,0
1452,14222,6,4,2500,22,1,12,5,0
1453,14224,6,1,1800,19,1,12,5,1
1454,14226,4,1,1200,20,1,9,5,1
1455,14235,7,7,1400,0,2,10,5,0
1456,14236,3,1,800,0,1,10,5,1
1457,14238,2,1,2500,22,1,12,4,1
1458,14240,4,10,5000,20,1,11,5,0
1459,14241,3,5,600,20,2,10,4,0
1460,14246,3,4,1800,0,1,9,4,0
1461,14247,1,1,3200,21,1,10,5,1
1462,14254,6,1,500,21,2,12,5,1
1463,14259,6,1,3000,20,1,11,4,1
1464,14268,5,1,1200,24,1,11,5,1
1465,14274,2,1,1500,20,2,9,5,1
1466,14276,2,1,1200,20,1,9,5,1
1467,14278,5,1,1198,20,1,12,5,1
1468,14280,3,7,1600,20,1,12,5,0
1469,14281,3,4,2000,23,1,12,5,0
1470,14282,7,1,600,19,2,12,5,1
1471,14285,5,1,370,21,1,12,5,1
1472,14288,6,10,1000,0,2,13,4,0
1473,14289,8,1,600,22,2,9,4,1
1474,14291,4,1,1900,21,1,10,5,1
1475,14294,3,3,3000,0,3,9,5,0
1476,14304,5,8,1200,22,1,12,5,0
1477,14305,1,1,2600,20,1,11,5,1
1478,14306,3,1,740,18,1,9,4,1
1479,14316,5,1,5000,0,1,12,5,1
1480,14328,4,6,600,22,1,5,3,0
1481,14331,4,5,2500,23,2,9,4,0
1482,14333,8,6,200,20,2,12,5,0
1483,14336,8,7,500,0,3,6,3,0
1484,14341,4,7,1000,19,2,12,5,0
1485,14342,8,6,1500,21,2,12,5,0
1486,14346,3,1,3200,20,1,9,5,1
1487,14347,2,4,1400,20,2,12,5,0
1488,14349,7,7,2500,22,2,12,4,0
1489,14360,1,1,600,18,1,12,5,1
1490,14367,7,6,1500,23,1,12,5,0
1491,14368,4,1,1200,0,1,9,5,1
1492,14369,5,4,1200,0,2,7,3,0
1493,14370,6,5,840,24,2,12,5,0
1494,14376,3,8,1200,21,2,10,5,0
1495,14379,7,1,2000,22,2,10,5,1
1496,14380,1,1,2000,0,1,9,4,1
1497,14381,6,8,4000,20,1,8,4,0
1498,14382,3,1,50,20,1,2,3,1
1499,14385,3,1,3984,0,1,12,5,1
1500,14387,5,7,800,20,1,2,3,0
1501,14391,3,4,1200,20,1,9,4,0
1502,14394,5,7,500,19,1,2,2,0
1503,14400,3,1,1500,24,1,11,5,1
1504,14404,8,1,500,21,2,9,5,1
1505,14406,2,1,300,20,2,11,5,1
1506,14409,4,1,1600,24,1,12,5,1
1507,14411,7,8,500,0,2,12,5,0
1508,14425,3,4,165,20,3,12,5,0
1509,14427,8,1,564,20,2,9,4,1
1510,14428,5,1,1500,0,2,12,5,1
1511,14435,7,7,1400,0,2,9,5,0
1512,14437,4,1,1600,20,3,10,4,1
1513,14439,1,1,1200,19,2,12,4,1
1514,14442,8,8,1000,21,2,12,5,0
1515,14448,4,1,200,21,2,10,4,1
1516,14455,4,1,2000,22,2,7,4,1
1517,14460,6,1,1200,21,1,9,4,1
1518,14467,7,6,2000,14,1,10,4,0
1519,14468,3,1,400,22,1,11,4,1
1520,14469,4,2,4000,18,1,13,4,0
1521,14474,8,6,600,20,2,10,5,0
1522,14482,8,4,600,23,2,12,5,0
1523,14490,3,1,600,20,1,10,4,1
1524,14491,6,1,1800,21,2,12,5,1
1525,14493,1,1,1200,21,1,10,5,1
1526,14497,6,4,600,24,2,13,4,0
1527,14499,3,4,1800,21,1,7,5,0
1528,14510,6,7,1200,23,2,6,3,0
1529,14511,2,1,1200,21,2,12,5,1
1530,14513,3,4,1100,24,1,10,5,0
1531,14517,1,7,1912,22,1,11,5,0
1532,14525,3,1,2000,20,2,6,3,1
1533,14529,4,7,400,21,1,8,4,0
1534,14532,7,6,150,21,2,11,5,0
1535,14537,5,1,1600,21,2,12,2,1
1536,14543,1,1,2800,22,2,10,5,1
1537,14546,8,7,600,23,2,12,5,0
1538,14551,4,2,2000,21,1,11,5,0
1539,14555,1,1,400,0,1,12,5,1
1540,14561,8,6,800,23,2,9,5,0
1541,14566,8,1,2500,0,1,10,4,1
1542,14573,3,1,600,19,3,10,5,1
1543,14587,7,7,1700,21,2,8,4,0
1544,14648,2,4,800,20,2,9,4,0
1545,14665,4,1,2200,19,1,10,5,1
1546,14677,1,4,4000,20,1,12,5,0
1547,14700,3,8,350,22,1,12,5,0
1548,14712,5,1,800,0,1,10,4,1
1549,14758,4,8,350,23,1,6,5,0
1550,14759,3,1,600,20,1,3,5,1
1551,14769,5,4,600,21,2,12,3,0
1552,14783,6,1,1200,22,2,12,5,1
1553,14786,5,4,1000,22,2,2,5,0
1554,14799,1,4,9000,0,1,9,4,0
1555,14841,5,1,600,21,2,8,4,1
1556,14868,6,5,2000,0,2,9,4,0
1557,14891,6,4,2000,22,1,10,4,0
1558,14892,1,2,2000,20,1,7,4,0
1559,14899,8,9,1200,26,1,12,5,0
1560,14907,8,7,4500,0,2,11,5,0
1561,14918,5,1,1300,19,2,10,5,1
1562,14927,1,8,1000,20,2,8,4,0
1563,14978,2,1,1100,21,1,9,4,1
1564,14979,2,1,1800,24,1,12,5,1
1565,14990,1,99,950,21,1,11,5,99
1566,14996,7,7,1000,22,2,2,4,0
1567,14998,4,4,1800,21,1,10,5,0
1568,15007,4,1,1000,21,2,9,5,1
1569,15014,2,1,1500,21,1,10,4,1
1570,15015,6,1,780,0,1,10,5,1
1571,15025,5,1,1370,20,2,12,5,1
1572,15027,1,4,3000,20,1,10,5,0
1573,15030,8,6,2300,23,2,7,4,0
1574,15050,4,4,1500,22,1,12,5,0
1575,15062,8,1,1500,22,2,8,4,1
1576,15070,1,2,1000,21,1,9,4,0
1577,15072,8,7,400,19,2,8,3,0
1578,15092,1,7,2964,18,3,12,5,0
1579,15096,3,4,2500,20,1,12,5,0
1580,15097,4,1,800,21,1,9,4,1
1581,15099,7,1,450,22,2,12,5,1
1582,15102,3,7,50,21,1,10,4,0
1583,15103,2,1,1700,21,1,10,4,1
1584,15108,5,1,2500,22,1,12,5,1
1585,15110,8,6,650,21,2,8,4,0
1586,15115,1,2,1345,21,1,9,4,0
1587,15117,3,7,1500,20,1,11,5,0
1588,15123,7,6,2000,23,2,12,5,0
1589,15134,8,1,1200,21,2,9,4,1
1590,15137,5,1,1200,22,2,9,3,1
1591,15152,3,10,1500,20,1,8,4,0
1592,15155,3,1,5000,21,2,10,5,1
1593,15165,3,1,2500,22,1,9,4,1
1594,15169,3,1,1500,19,2,12,5,1
1595,15171,3,6,4000,21,1,9,5,0
1596,15178,4,4,2000,20,1,9,5,0
1597,15186,7,1,1500,23,1,12,5,1
1598,15192,3,4,1000,22,2,6,3,0
1599,15202,1,1,1239,21,1,11,5,1
1600,15203,6,1,2100,20,2,12,5,1
1601,15207,8,1,1200,20,2,10,5,1
1602,15214,3,3,900,22,3,10,5,0
1603,15216,4,1,800,21,2,8,4,1
1604,15217,3,1,1400,21,1,9,5,1
1605,15220,5,1,800,20,2,12,5,1
1606,15221,4,1,648,23,1,9,4,1
1607,15223,3,4,2500,21,1,12,5,0
1608,15226,4,1,1200,22,1,11,5,1
1609,15227,4,99,1000,20,3,11,5,99
1610,15230,3,1,1200,20,1,12,5,1
1611,15232,7,1,1500,21,2,7,3,1
1612,15234,1,4,20000,22,1,12,5,0
1613,15235,4,4,2000,23,1,8,4,0
1614,15236,3,1,550,21,2,12,5,1
1615,15239,4,1,400,21,3,10,5,1
1616,15240,8,7,1500,22,2,9,4,0
1617,15243,6,1,1500,23,2,12,5,1
1618,15245,5,7,500,23,2,4,3,0
1619,15253,3,4,3000,22,1,10,5,0
1620,15256,2,1,1800,22,1,9,4,1
1621,15258,2,4,2000,19,1,13,3,0
1622,15268,3,99,800,21,1,2,3,99
1623,15270,1,1,1500,20,2,12,5,1
1624,15284,3,1,1600,22,1,7,4,1
1625,15292,8,1,150,20,2,6,3,1
1626,15304,1,1,2139,22,1,5,2,1
1627,15312,4,1,1200,20,1,5,2,1
1628,15318,6,1,1000,20,3,5,3,1
1629,15320,8,1,105,18,1,9,3,1
1630,15331,1,4,1000,19,1,5,2,0
1631,15340,3,1,800,22,2,6,3,1
1632,15342,4,7,650,21,1,5,3,0
1633,15348,4,1,648,22,2,4,2,1
1634,15351,4,4,2400,23,1,4,2,0
1635,15361,1,1,1500,20,1,7,4,1
1636,15375,6,1,996,23,2,7,4,1
1637,15377,4,1,130,20,2,2,2,1
1638,15379,3,99,700,23,1,6,3,99
1639,15383,4,7,1400,24,2,6,3,0
1640,15390,5,1,593,0,2,7,4,1
1641,15398,4,1,850,19,1,5,2,1
1642,15404,4,4,2800,22,1,7,4,0
1643,15414,3,4,2000,0,2,4,2,0
1644,15418,1,1,2000,20,2,9,4,1
1645,15421,4,1,18000,22,1,9,4,1
1646,15424,3,4,2000,0,1,13,4,0
1647,15437,2,1,1106,22,3,5,2,1
1648,15438,5,1,245,20,1,5,2,1
1649,15445,2,1,2100,21,1,5,3,1
1650,15447,1,1,1000,20,2,6,3,1
1651,15453,1,1,1600,20,1,6,3,1
1652,15454,4,8,2100,24,1,5,3,0
1653,15456,3,4,456,19,2,1,3,0
1654,15461,4,1,1500,21,1,5,3,1
1655,15470,3,1,1500,22,1,5,2,1
1656,15472,5,1,600,23,2,4,2,1
1657,15474,3,7,400,20,2,4,2,0
1658,15486,1,1,1000,19,2,4,2,1
1659,15489,4,4,1700,23,1,5,2,0
1660,15530,3,4,1500,0,3,8,4,0
1661,15545,3,6,400,22,1,6,3,0
1662,15549,5,1,557,21,3,5,2,1
1663,15550,3,7,450,19,1,4,2,0
1664,15557,6,1,900,21,1,5,2,1
1665,15584,5,1,200,20,1,5,3,1
1666,15588,5,5,700,17,2,7,3,0
1667,15593,7,10,800,21,2,6,3,0
1668,15596,4,7,1200,20,1,5,3,0
1669,15600,2,1,2000,20,1,6,2,1
1670,15605,3,1,1300,18,2,5,2,1
1671,15617,4,1,892,21,1,1,2,1
1672,15629,5,4,300,22,2,5,2,0
1673,15636,4,4,0,18,2,5,2,0
1674,15639,6,1,1000,0,1,1,3,1
1675,15654,3,1,600,20,2,4,2,1
1676,15663,4,7,786,21,2,5,4,0
1677,15666,4,4,660,21,1,8,4,0
1678,15671,5,1,2500,18,3,6,3,1
1679,15676,3,1,900,23,2,4,2,1
1680,15678,5,4,500,21,1,4,2,0
1681,15681,5,7,3000,20,1,6,3,0
1682,15686,1,1,840,20,1,5,2,1
1683,15687,3,1,300,20,1,5,2,1
1684,15723,3,4,1400,21,1,7,3,0
1685,15726,3,99,200,23,2,6,3,99
1686,15730,3,4,1500,19,3,2,3,0
1687,15734,4,1,500,0,3,4,2,1
1688,15742,2,4,2500,0,1,6,3,0
1689,15770,3,5,2350,23,1,8,3,0
1690,15772,4,99,0,0,2,6,2,99
1691,15774,4,1,480,22,1,5,3,1
1692,15778,3,4,960,22,3,7,4,0
1693,15779,5,1,800,0,2,7,3,1
1694,15789,3,1,413,20,1,1,2,1
1695,15790,4,1,976,22,1,5,2,1
1696,15794,4,1,500,0,2,4,2,1
1697,15800,4,1,200,21,1,9,4,1
1698,15801,4,1,600,20,1,7,4,1
1699,15802,3,4,1500,22,3,6,3,0
1700,15810,3,1,2000,0,1,6,3,1
1701,15822,4,10,850,19,2,5,2,0
1702,15824,6,7,2000,21,2,6,3,0
1703,15832,5,99,300,22,3,6,3,99
1704,15833,2,1,650,19,1,8,4,1
1705,15834,3,1,1151,21,1,8,4,1
1706,15838,5,1,850,20,1,6,3,1
1707,15842,5,1,800,0,2,5,2,1
1708,15853,4,1,1500,20,3,8,4,1
1709,15866,3,1,2500,19,1,6,2,1
1710,15881,3,4,1200,21,1,5,2,0
1711,15883,4,1,860,0,1,5,2,1
1712,15884,7,1,700,22,2,6,3,1
1713,15896,4,8,800,21,2,7,4,0
1714,15899,3,1,500,21,2,4,2,1
1715,15909,2,10,1417,19,2,1,3,0
1716,15910,4,1,941,21,2,4,2,1
1717,15919,4,4,1933,21,2,1,3,0
1718,15936,1,4,1200,22,2,5,2,0
1719,15941,3,1,396,21,3,4,2,1
1720,15949,5,1,600,21,1,5,2,1
1721,15954,3,1,2200,20,1,8,4,1
1722,15958,7,6,800,17,1,6,3,0
1723,15964,3,1,900,21,2,6,2,1
1724,15971,5,1,1178,20,2,6,3,1
1725,15995,3,1,1400,22,1,8,4,1
1726,16011,8,6,946,21,2,1,3,0
1727,16044,5,1,1300,24,3,5,2,1
1728,16145,3,1,900,23,1,5,2,1
1729,16151,1,1,0,0,1,6,3,1
1730,16152,6,99,118,0,3,6,3,99
1731,16172,3,1,1027,18,2,7,3,1
1732,16246,5,4,606,20,3,6,3,0
1733,16300,3,99,500,0,3,1,2,99
1734,16318,3,4,800,24,2,9,4,0
1735,16345,4,4,2000,0,1,6,4,0
1736,16394,2,1,900,0,2,5,3,1
1737,16424,3,4,2500,22,1,5,2,0
1738,16462,8,1,675,21,2,4,2,1
1739,16476,3,4,1200,20,3,8,3,0
1740,16540,2,1,2000,25,1,1,2,1
1741,16547,3,4,1000,20,2,4,3,0
1742,16575,7,3,2000,0,1,11,4,0
1743,16584,4,4,1100,18,3,4,1,0
1744,16623,2,1,1200,20,3,8,4,1
1745,16638,3,1,297,21,1,6,4,1
1746,16648,2,1,2000,20,2,8,4,1
1747,16667,4,4,1300,0,3,5,3,0
1748,16679,8,6,1000,21,2,6,3,0
1749,16680,2,1,1600,24,2,6,3,1
1750,16689,2,1,712,22,1,5,3,1
1751,16701,3,4,1000,28,1,6,3,0
1752,16713,4,4,1000,20,1,5,2,0
1753,16716,3,1,190,25,2,4,2,1
1754,16726,5,99,0,21,1,6,3,99
1755,16737,3,8,400,0,3,5,2,0
1756,16743,3,1,210,22,1,4,2,1
1757,16746,3,4,1200,23,1,9,4,0
1758,16756,1,1,1500,21,1,8,4,1
1759,16759,4,99,500,23,2,6,3,99
1760,16762,3,4,500,22,2,6,4,0
1761,16771,1,1,900,19,2,6,3,1
1762,16788,3,1,450,23,1,5,2,1
1763,16796,3,1,650,0,1,6,3,1
1764,16807,3,1,1300,19,1,4,2,1
1765,16810,3,5,3000,22,2,7,3,0
1766,16844,3,7,900,20,3,4,2,0
1767,16853,5,4,1300,22,2,2,2,0
1768,16854,6,99,0,0,1,7,3,99
1769,16859,3,7,600,22,1,6,3,0
1770,16867,3,1,1500,0,1,5,3,1
1771,16868,8,1,200,20,2,6,3,1
1772,16871,2,7,200,20,3,5,2,0
1773,16879,4,7,360,21,3,5,2,0
1774,16888,3,4,800,22,1,6,2,0
1775,16889,3,1,1200,22,1,5,2,1
1776,16903,6,99,600,22,3,9,4,99
1777,16915,5,4,1000,0,3,7,2,0
1778,16918,5,4,1600,24,1,6,3,0
1779,16924,2,1,1020,22,2,5,2,1
1780,16931,4,4,1200,19,2,4,2,0
1781,16934,7,8,1500,22,2,6,2,0
1782,16941,1,5,0,0,2,6,3,0
1783,16943,3,1,250,20,1,5,3,1
1784,16949,5,3,3000,0,2,6,3,0
1785,16951,1,7,300,25,2,1,2,0
1786,16961,7,7,400,23,2,13,3,0
1787,16989,8,6,1200,22,2,4,2,0
1788,17002,3,1,1000,20,2,5,3,1
1789,17003,5,1,540,0,3,4,2,1
1790,17015,3,1,400,20,2,5,2,1
1791,17016,4,4,700,24,1,5,2,0
1792,17018,3,1,540,22,2,5,3,1
1793,17028,5,4,1200,0,2,2,3,0
1794,17032,7,1,600,20,3,5,2,1
1795,17042,3,4,800,20,2,2,2,0
1796,17043,8,7,1100,23,2,7,3,0
1797,17056,3,4,2000,0,3,5,2,0
1798,17062,8,7,1000,0,2,6,2,0
1799,17069,2,4,900,22,2,5,2,0
1800,17094,1,5,2400,20,2,4,2,0
1801,17098,4,8,109,22,1,2,2,0
1802,17099,3,4,1000,0,1,6,3,0
1803,17151,4,5,444,0,3,4,2,0
1804,17152,3,1,900,0,3,4,2,1
1805,17174,3,4,550,18,1,5,2,0
1806,17183,3,1,700,22,1,5,3,1
1807,17195,1,2,250,20,1,5,3,0
1808,17229,3,99,1000,0,3,4,2,99
1809,17232,8,5,70,21,2,7,3,0
1810,17233,3,4,1800,23,1,13,2,0
1811,17250,4,5,760,22,1,7,3,0
1812,17260,8,10,700,21,3,5,2,0
1813,17262,3,3,650,20,1,5,2,0
1814,17273,3,4,2000,24,1,5,2,0
1815,17298,3,7,960,20,3,4,2,0
1816,17299,4,8,0,22,1,5,2,0
1817,17300,2,1,450,20,3,4,2,1
1818,17323,5,1,1000,21,1,5,2,1
1819,17328,2,4,980,25,3,4,2,0
1820,17334,3,1,1000,22,2,5,3,1
1821,17335,4,7,1000,0,1,8,2,0
1822,17364,3,1,700,20,1,5,2,1
1823,17366,4,7,500,22,3,6,3,0
1824,17369,4,1,1000,0,3,5,2,1
1825,17374,4,1,867,21,3,9,3,1
1826,17377,3,4,2300,0,1,5,2,0
1827,17380,3,4,200,23,1,6,3,0
1828,17416,3,1,450,22,1,5,3,1
1829,17418,3,1,600,21,1,5,3,1
1830,17422,3,4,500,23,2,6,3,0
1831,17427,4,99,1000,0,3,7,3,99
1832,17429,1,2,1500,0,2,1,2,0
1833,17433,4,99,400,23,1,5,3,99
1834,17446,4,1,600,0,2,5,3,1
1835,17448,3,1,829,20,2,5,2,1
1836,17456,3,4,4637383838,20,1,6,3,0
1837,17462,3,7,960,24,2,4,2,0
1838,17471,4,1,600,22,3,5,2,1
1839,17472,4,7,1200,26,2,2,3,0
1840,17483,6,99,500,24,3,5,2,99
1841,17503,8,6,400,22,2,5,2,0
1842,17509,4,1,1243,0,1,6,3,1
1843,17526,6,1,50,0,1,8,4,1
1844,17537,3,4,2200,20,2,5,2,0
1845,17539,1,4,2500,22,3,6,2,0
1846,17544,4,7,1500,22,2,6,3,0
1847,17553,6,1,1000,20,1,6,3,1
1848,17557,3,7,1300,22,3,4,2,0
1849,17610,1,4,2400,22,2,4,2,0
1850,17707,5,1,700,22,2,7,3,1
1851,17748,6,4,1000,20,2,6,3,0
1852,17751,3,4,2100,20,1,5,3,0
1853,17811,3,6,200,0,1,5,2,0
1854,17816,4,7,150,21,3,4,3,0
1855,17838,8,1,75,20,1,6,3,1
1856,18055,3,4,1600,21,3,6,3,0
1857,18083,3,1,600,21,2,6,3,1
1858,18087,4,7,400,21,3,5,3,0
1859,18089,4,1,1260,21,2,5,2,1
1860,18136,4,99,2000,0,3,13,2,99
1861,18144,3,2,300,22,1,13,2,0
1862,18156,3,4,200,20,2,5,2,0
1863,18187,1,2,1100,0,2,4,2,0
1864,18211,4,1,2000,20,1,5,3,1
1865,18369,6,1,720,22,3,5,2,1
1866,18447,4,4,250,22,2,5,3,0
1867,18473,3,2,1900,0,3,4,2,0
1868,18484,3,1,390,0,1,3,3,1
1869,18508,4,1,1920,22,2,5,2,1
1870,18525,3,1,1000,20,3,1,2,1
1871,18604,4,99,240,22,2,6,3,99
1872,18625,3,8,1400,19,1,7,4,0
1873,18636,1,3,1280,22,1,5,2,0
1874,18668,3,4,840,17,2,5,2,0
1875,18685,2,8,700,23,1,4,2,0
1876,18717,8,8,1000,22,2,9,2,0
1877,18778,3,4,1000,22,3,5,2,0
1878,18782,4,4,1000,22,1,6,3,0
1879,18833,3,99,1500,22,2,1,3,99
1880,18878,6,4,4500,22,2,6,3,0
1881,18880,3,4,3000,26,2,6,3,0
1882,18905,4,1,350,25,2,5,2,1
1883,18907,5,7,600,20,1,5,3,0
1884,18918,4,4,700,0,1,4,2,0
1885,18938,3,1,1000,21,3,4,2,1
1886,18945,3,7,1220,21,2,5,2,0
1887,18946,5,7,1500,21,1,6,3,0
1888,18991,3,99,300,24,2,6,3,99
1889,19015,3,2,800,21,2,6,3,0
1890,19031,3,1,5000,18,2,3,2,1
1891,19039,1,1,1200,18,1,4,2,1
1892,19050,2,1,400,21,2,4,2,1
1893,19063,4,5,700,20,1,4,2,0
1894,19071,1,4,0,0,2,1,2,0
1895,19074,3,7,300,22,3,6,3,0
1896,19082,5,1,1000,0,1,8,3,1
1897,19094,3,1,2400,23,1,6,3,1
1898,19124,2,99,3000,24,2,5,2,99
1899,19126,3,1,1363,0,2,7,3,1
1900,19129,3,6,2000,20,1,4,2,0
1901,19166,4,1,1600,24,1,6,3,1
1902,19173,2,99,300,27,2,2,2,99
1903,19177,3,1,2300,18,2,5,3,1
1904,19182,3,4,1000,0,1,5,2,0
1905,19189,4,1,2400,18,1,5,2,1
1906,19192,2,4,0,23,2,1,3,0
1907,19193,3,1,1300,23,2,4,2,1
1908,19194,1,99,1200,22,3,7,3,99
1909,19198,3,1,1212,25,2,4,2,1
1910,19201,2,8,3000,20,1,1,2,0
1911,19202,1,1,300,20,1,2,3,1
1912,19206,3,5,300,24,3,5,2,0
1913,19218,6,3,400,20,3,13,2,0
1914,19224,4,1,800,21,3,5,2,1
1915,19226,3,1,800,21,1,6,3,1
1916,19233,1,99,100,0,2,5,3,99
1917,19234,3,1,700,24,2,8,2,1
1918,19236,7,8,2500,21,2,6,3,0
1919,19237,7,99,650,20,2,6,2,99
1920,19238,3,99,600,20,3,4,2,99
1921,19242,3,1,900,20,3,6,3,1
1922,19246,3,4,200,23,3,5,3,0
1923,19252,3,1,1000,20,1,2,2,1
1924,19259,2,1,800,22,1,6,3,1
1925,19267,3,4,2220,21,2,4,2,0
1926,19268,4,4,1600,22,3,4,2,0
1927,19270,7,4,1200,23,2,5,2,0
1928,19272,4,1,500,20,1,5,3,1
1929,19274,3,99,360,20,2,5,2,99
1930,19280,3,1,1500,20,1,4,2,1
1931,19300,3,1,1400,19,3,5,2,1
1932,19316,4,1,931,22,2,4,2,1
1933,19336,1,8,500,21,2,4,2,0
1934,19352,1,4,4999,16,1,4,2,0
1935,19353,1,1,800,19,3,5,2,1
1936,19362,4,7,2300,22,3,4,2,0
1937,19372,3,1,2500,0,2,4,2,1
1938,19382,4,5,4555,0,1,8,2,0
1939,19383,3,5,700,20,3,5,2,0
1940,19389,4,1,864,19,2,4,2,1
1941,19413,2,1,965,20,2,5,2,1
1942,19455,4,4,570,10,1,5,2,0
1943,19496,2,99,1500,18,1,4,1,99
1944,19654,4,7,278,20,1,4,2,0
1945,19671,4,99,1600,20,2,1,2,99
1946,19674,3,4,514,21,3,5,2,0
1947,19678,3,1,700,19,1,5,2,1
1948,19692,2,4,1000,21,3,6,2,0
1949,19701,5,7,480,24,2,5,2,0
1950,19713,4,1,600,20,2,6,3,1
1951,19717,3,7,1500,18,2,13,1,0
1952,19733,3,7,660,21,2,4,1,0
1953,19737,4,1,2500,21,1,7,3,1
1954,19743,6,1,900,22,2,7,4,1
1955,19758,5,1,1400,22,2,8,3,1
1956,19769,4,1,600,24,1,6,3,1
1957,19784,3,7,300,18,1,5,2,0
1958,19792,5,5,2400,20,1,8,4,0
1959,19797,2,5,3000,20,1,6,3,0
1960,19802,3,4,750,20,1,5,2,0
1961,19809,3,1,2352,22,1,5,3,1
1962,19820,5,4,1200,22,2,4,2,0
1963,19833,8,1,1400,20,2,5,2,1
1964,19857,3,1,800,20,1,5,2,1
1965,19877,1,1,840,22,3,7,4,1
1966,19878,3,1,600,0,2,7,3,1
1967,19880,3,1,1200,22,1,2,3,1
1968,19889,3,8,1400,21,1,4,2,0
1969,19895,1,1,1148,22,1,5,3,1
1970,19897,6,1,680,20,2,5,2,1
1971,19923,2,1,1200,22,2,6,2,1
1972,19940,3,4,700,20,2,1,2,0
1973,19955,1,4,2000,21,2,7,4,0
1974,19961,3,4,760,20,1,5,2,0
1975,19963,3,1,400,22,1,4,2,1
1976,19967,1,8,500,0,1,5,2,0
1977,19971,1,4,2000,21,1,5,2,0
1978,19997,3,1,1136,20,1,4,2,1
1979,19999,4,1,100,0,2,4,2,1
1980,20007,2,7,1460,22,2,4,2,0
1981,20012,3,1,800,18,1,4,2,1
1982,20032,3,1,1000,0,1,4,1,1
1983,20050,3,1,1100,22,1,5,3,1
1984,20051,5,2,1500,20,1,10,4,0
1985,20062,5,1,1168,23,2,5,2,1
1986,20067,7,1,900,19,2,5,2,1
1987,20081,4,4,2350,20,3,6,3,0
1988,20088,1,1,449,20,3,4,1,1
1989,20097,4,1,1200,23,2,5,2,1
1990,20118,7,6,950,20,3,4,2,0
1991,20128,2,10,1600,22,1,6,3,0
1992,20138,5,1,1200,20,2,4,2,1
1993,20163,4,1,750,18,2,8,4,1
1994,20170,6,1,1290,20,2,4,2,1
1995,20171,1,5,1000,20,1,5,3,0
1996,20186,5,1,800,21,3,5,2,1
1997,20191,3,1,800,22,3,4,2,1
1998,20192,2,2,1400,20,1,5,2,0
1999,20207,3,4,600,23,2,5,2,0
2000,20214,6,1,2500,19,2,13,2,1
2001,20232,3,7,326,21,1,5,2,0
2002,20235,1,1,800,19,1,8,4,1
2003,20237,3,4,1500,22,2,4,2,0
2004,20257,4,1,350,21,1,5,2,1
2005,20267,5,1,445,21,2,4,2,1
2006,20285,3,4,2000,0,2,4,2,0
2007,20296,4,4,500,19,3,3,1,0
2008,20306,2,1,600,20,1,4,2,1
2009,20316,4,1,1487,21,1,5,2,1
2010,20321,5,1,1100,22,2,5,2,1
2011,20348,3,1,750,21,1,6,3,1
2012,20355,4,7,800,20,1,4,2,0
2013,20362,4,4,2200,20,1,8,4,0
2014,20380,4,1,1600,20,1,13,2,1
2015,20409,1,4,1200,21,1,5,2,0
2016,20415,3,1,279,21,2,4,2,1
2017,20416,3,1,900,20,1,13,1,1
2018,20428,3,7,0,19,1,3,1,0
2019,20497,6,1,1800,21,2,1,2,1
2020,20547,4,7,600,22,2,4,1,0
2021,20593,4,1,480,20,2,4,2,1
2022,20598,4,10,500,18,1,1,2,0
2023,20675,3,7,0,0,2,13,1,0
2024,20713,5,1,500,0,3,6,3,1
2025,20826,5,1,900,25,3,1,2,1
2026,20860,3,1,500,18,2,7,4,1
2027,20888,2,1,593,21,1,4,2,1
